1,0000000,"['Rx', [0.0], [Fraction(-1, 1)]]",,,,,,,,,,,,,,,,,,,,,,,,,,,,,,,,,,,,,,,,,,
7,0000001,"['Rx', [0.0], [Fraction(-1, 1)]]","['Ry', [1.0], [Fraction(1, 2)]]","['Rx', [1.0], [Fraction(1, 1)]]","['CZ', [1.0, 0.0], []]","['Ry', [0.0], [Fraction(-1, 1)]]","['Rx', [0.0], [Fraction(-1, 1)]]","['Ry', [1.0], [Fraction(1, 2)]]",,,,,,,,,,,,,,,,,,,,,,,,,,,,,,,,,,,,
7,0000010,"['Rx', [0.0], [Fraction(-1, 1)]]","['Ry', [2.0], [Fraction(1, 2)]]","['Rx', [2.0], [Fraction(1, 1)]]","['CZ', [2.0, 0.0], []]","['Ry', [0.0], [Fraction(-1, 1)]]","['Rx', [0.0], [Fraction(-1, 1)]]","['Ry', [2.0], [Fraction(1, 2)]]",,,,,,,,,,,,,,,,,,,,,,,,,,,,,,,,,,,,
13,0000011,"['Rx', [0.0], [Fraction(-1, 1)]]","['Ry', [1.0], [Fraction(1, 2)]]","['Rx', [1.0], [Fraction(1, 1)]]","['Ry', [2.0], [Fraction(1, 2)]]","['Rx', [2.0], [Fraction(1, 1)]]","['CZ', [2.0, 0.0], []]","['Ry', [0.0], [Fraction(-1, 1)]]","['Rx', [0.0], [Fraction(-1, 1)]]","['CZ', [1.0, 0.0], []]","['Ry', [0.0], [Fraction(-1, 1)]]","['Rx', [0.0], [Fraction(-1, 1)]]","['Ry', [1.0], [Fraction(1, 2)]]","['Ry', [2.0], [Fraction(1, 2)]]",,,,,,,,,,,,,,,,,,,,,,,,,,,,,,
7,0000100,"['Rx', [0.0], [Fraction(-1, 1)]]","['Ry', [3.0], [Fraction(1, 2)]]","['Rx', [3.0], [Fraction(1, 1)]]","['CZ', [3.0, 0.0], []]","['Ry', [0.0], [Fraction(-1, 1)]]","['Rx', [0.0], [Fraction(-1, 1)]]","['Ry', [3.0], [Fraction(1, 2)]]",,,,,,,,,,,,,,,,,,,,,,,,,,,,,,,,,,,,
13,0000101,"['Rx', [0.0], [Fraction(-1, 1)]]","['Ry', [1.0], [Fraction(1, 2)]]","['Rx', [1.0], [Fraction(1, 1)]]","['Ry', [3.0], [Fraction(1, 2)]]","['Rx', [3.0], [Fraction(1, 1)]]","['CZ', [3.0, 0.0], []]","['Ry', [0.0], [Fraction(-1, 1)]]","['Rx', [0.0], [Fraction(-1, 1)]]","['CZ', [1.0, 0.0], []]","['Ry', [0.0], [Fraction(-1, 1)]]","['Rx', [0.0], [Fraction(-1, 1)]]","['Ry', [1.0], [Fraction(1, 2)]]","['Ry', [3.0], [Fraction(1, 2)]]",,,,,,,,,,,,,,,,,,,,,,,,,,,,,,
13,0000110,"['Rx', [0.0], [Fraction(-1, 1)]]","['Ry', [2.0], [Fraction(1, 2)]]","['Rx', [2.0], [Fraction(1, 1)]]","['Ry', [3.0], [Fraction(1, 2)]]","['Rx', [3.0], [Fraction(1, 1)]]","['CZ', [3.0, 0.0], []]","['Ry', [0.0], [Fraction(-1, 1)]]","['Rx', [0.0], [Fraction(-1, 1)]]","['CZ', [2.0, 0.0], []]","['Ry', [0.0], [Fraction(-1, 1)]]","['Rx', [0.0], [Fraction(-1, 1)]]","['Ry', [2.0], [Fraction(1, 2)]]","['Ry', [3.0], [Fraction(1, 2)]]",,,,,,,,,,,,,,,,,,,,,,,,,,,,,,
19,0000111,"['Rx', [0.0], [Fraction(-1, 1)]]","['Ry', [1.0], [Fraction(1, 2)]]","['Rx', [1.0], [Fraction(1, 1)]]","['Ry', [2.0], [Fraction(1, 2)]]","['Rx', [2.0], [Fraction(1, 1)]]","['Ry', [3.0], [Fraction(1, 2)]]","['Rx', [3.0], [Fraction(1, 1)]]","['CZ', [3.0, 0.0], []]","['Ry', [0.0], [Fraction(-1, 1)]]","['Rx', [0.0], [Fraction(-1, 1)]]","['CZ', [2.0, 0.0], []]","['Ry', [0.0], [Fraction(-1, 1)]]","['Rx', [0.0], [Fraction(-1, 1)]]","['CZ', [1.0, 0.0], []]","['Ry', [0.0], [Fraction(-1, 1)]]","['Rx', [0.0], [Fraction(-1, 1)]]","['Ry', [1.0], [Fraction(1, 2)]]","['Ry', [2.0], [Fraction(1, 2)]]","['Ry', [3.0], [Fraction(1, 2)]]",,,,,,,,,,,,,,,,,,,,,,,,
7,0001000,"['Rx', [0.0], [Fraction(-1, 1)]]","['Ry', [4.0], [Fraction(1, 2)]]","['Rx', [4.0], [Fraction(1, 1)]]","['CZ', [4.0, 0.0], []]","['Ry', [0.0], [Fraction(-1, 1)]]","['Rx', [0.0], [Fraction(-1, 1)]]","['Ry', [4.0], [Fraction(1, 2)]]",,,,,,,,,,,,,,,,,,,,,,,,,,,,,,,,,,,,
13,0001001,"['Rx', [0.0], [Fraction(-1, 1)]]","['Ry', [1.0], [Fraction(1, 2)]]","['Rx', [1.0], [Fraction(1, 1)]]","['Ry', [4.0], [Fraction(1, 2)]]","['Rx', [4.0], [Fraction(1, 1)]]","['CZ', [4.0, 0.0], []]","['Ry', [0.0], [Fraction(-1, 1)]]","['Rx', [0.0], [Fraction(-1, 1)]]","['CZ', [1.0, 0.0], []]","['Ry', [0.0], [Fraction(-1, 1)]]","['Rx', [0.0], [Fraction(-1, 1)]]","['Ry', [1.0], [Fraction(1, 2)]]","['Ry', [4.0], [Fraction(1, 2)]]",,,,,,,,,,,,,,,,,,,,,,,,,,,,,,
13,0001010,"['Rx', [0.0], [Fraction(-1, 1)]]","['Ry', [2.0], [Fraction(1, 2)]]","['Rx', [2.0], [Fraction(1, 1)]]","['Ry', [4.0], [Fraction(1, 2)]]","['Rx', [4.0], [Fraction(1, 1)]]","['CZ', [4.0, 0.0], []]","['Ry', [0.0], [Fraction(-1, 1)]]","['Rx', [0.0], [Fraction(-1, 1)]]","['CZ', [2.0, 0.0], []]","['Ry', [0.0], [Fraction(-1, 1)]]","['Rx', [0.0], [Fraction(-1, 1)]]","['Ry', [2.0], [Fraction(1, 2)]]","['Ry', [4.0], [Fraction(1, 2)]]",,,,,,,,,,,,,,,,,,,,,,,,,,,,,,
19,0001011,"['Rx', [0.0], [Fraction(-1, 1)]]","['Ry', [1.0], [Fraction(1, 2)]]","['Rx', [1.0], [Fraction(1, 1)]]","['Ry', [2.0], [Fraction(1, 2)]]","['Rx', [2.0], [Fraction(1, 1)]]","['Ry', [4.0], [Fraction(1, 2)]]","['Rx', [4.0], [Fraction(1, 1)]]","['CZ', [4.0, 0.0], []]","['Ry', [0.0], [Fraction(-1, 1)]]","['Rx', [0.0], [Fraction(-1, 1)]]","['CZ', [2.0, 0.0], []]","['Ry', [0.0], [Fraction(-1, 1)]]","['Rx', [0.0], [Fraction(-1, 1)]]","['CZ', [1.0, 0.0], []]","['Ry', [0.0], [Fraction(-1, 1)]]","['Rx', [0.0], [Fraction(-1, 1)]]","['Ry', [1.0], [Fraction(1, 2)]]","['Ry', [2.0], [Fraction(1, 2)]]","['Ry', [4.0], [Fraction(1, 2)]]",,,,,,,,,,,,,,,,,,,,,,,,
13,0001100,"['Rx', [0.0], [Fraction(-1, 1)]]","['Ry', [3.0], [Fraction(1, 2)]]","['Rx', [3.0], [Fraction(1, 1)]]","['Ry', [4.0], [Fraction(1, 2)]]","['Rx', [4.0], [Fraction(1, 1)]]","['CZ', [4.0, 0.0], []]","['Ry', [0.0], [Fraction(-1, 1)]]","['Rx', [0.0], [Fraction(-1, 1)]]","['CZ', [3.0, 0.0], []]","['Ry', [0.0], [Fraction(-1, 1)]]","['Rx', [0.0], [Fraction(-1, 1)]]","['Ry', [3.0], [Fraction(1, 2)]]","['Ry', [4.0], [Fraction(1, 2)]]",,,,,,,,,,,,,,,,,,,,,,,,,,,,,,
19,0001101,"['Rx', [0.0], [Fraction(-1, 1)]]","['Ry', [1.0], [Fraction(1, 2)]]","['Rx', [1.0], [Fraction(1, 1)]]","['Ry', [3.0], [Fraction(1, 2)]]","['Rx', [3.0], [Fraction(1, 1)]]","['Ry', [4.0], [Fraction(1, 2)]]","['Rx', [4.0], [Fraction(1, 1)]]","['CZ', [4.0, 0.0], []]","['Ry', [0.0], [Fraction(-1, 1)]]","['Rx', [0.0], [Fraction(-1, 1)]]","['CZ', [3.0, 0.0], []]","['Ry', [0.0], [Fraction(-1, 1)]]","['Rx', [0.0], [Fraction(-1, 1)]]","['CZ', [1.0, 0.0], []]","['Ry', [0.0], [Fraction(-1, 1)]]","['Rx', [0.0], [Fraction(-1, 1)]]","['Ry', [1.0], [Fraction(1, 2)]]","['Ry', [3.0], [Fraction(1, 2)]]","['Ry', [4.0], [Fraction(1, 2)]]",,,,,,,,,,,,,,,,,,,,,,,,
19,0001110,"['Rx', [0.0], [Fraction(-1, 1)]]","['Ry', [2.0], [Fraction(1, 2)]]","['Rx', [2.0], [Fraction(1, 1)]]","['Ry', [3.0], [Fraction(1, 2)]]","['Rx', [3.0], [Fraction(1, 1)]]","['Ry', [4.0], [Fraction(1, 2)]]","['Rx', [4.0], [Fraction(1, 1)]]","['CZ', [4.0, 0.0], []]","['Ry', [0.0], [Fraction(-1, 1)]]","['Rx', [0.0], [Fraction(-1, 1)]]","['CZ', [3.0, 0.0], []]","['Ry', [0.0], [Fraction(-1, 1)]]","['Rx', [0.0], [Fraction(-1, 1)]]","['CZ', [2.0, 0.0], []]","['Ry', [0.0], [Fraction(-1, 1)]]","['Rx', [0.0], [Fraction(-1, 1)]]","['Ry', [2.0], [Fraction(1, 2)]]","['Ry', [3.0], [Fraction(1, 2)]]","['Ry', [4.0], [Fraction(1, 2)]]",,,,,,,,,,,,,,,,,,,,,,,,
25,0001111,"['Rx', [0.0], [Fraction(-1, 1)]]","['Ry', [1.0], [Fraction(1, 2)]]","['Rx', [1.0], [Fraction(1, 1)]]","['Ry', [2.0], [Fraction(1, 2)]]","['Rx', [2.0], [Fraction(1, 1)]]","['Ry', [3.0], [Fraction(1, 2)]]","['Rx', [3.0], [Fraction(1, 1)]]","['Ry', [4.0], [Fraction(1, 2)]]","['Rx', [4.0], [Fraction(1, 1)]]","['CZ', [4.0, 0.0], []]","['Ry', [0.0], [Fraction(-1, 1)]]","['Rx', [0.0], [Fraction(-1, 1)]]","['CZ', [3.0, 0.0], []]","['Ry', [0.0], [Fraction(-1, 1)]]","['Rx', [0.0], [Fraction(-1, 1)]]","['CZ', [2.0, 0.0], []]","['Ry', [0.0], [Fraction(-1, 1)]]","['Rx', [0.0], [Fraction(-1, 1)]]","['CZ', [1.0, 0.0], []]","['Ry', [0.0], [Fraction(-1, 1)]]","['Rx', [0.0], [Fraction(-1, 1)]]","['Ry', [1.0], [Fraction(1, 2)]]","['Ry', [2.0], [Fraction(1, 2)]]","['Ry', [3.0], [Fraction(1, 2)]]","['Ry', [4.0], [Fraction(1, 2)]]",,,,,,,,,,,,,,,,,,
7,0010000,"['Rx', [0.0], [Fraction(-1, 1)]]","['Ry', [5.0], [Fraction(1, 2)]]","['Rx', [5.0], [Fraction(1, 1)]]","['CZ', [5.0, 0.0], []]","['Ry', [0.0], [Fraction(-1, 1)]]","['Rx', [0.0], [Fraction(-1, 1)]]","['Ry', [5.0], [Fraction(1, 2)]]",,,,,,,,,,,,,,,,,,,,,,,,,,,,,,,,,,,,
13,0010001,"['Rx', [0.0], [Fraction(-1, 1)]]","['Ry', [1.0], [Fraction(1, 2)]]","['Rx', [1.0], [Fraction(1, 1)]]","['Ry', [5.0], [Fraction(1, 2)]]","['Rx', [5.0], [Fraction(1, 1)]]","['CZ', [5.0, 0.0], []]","['Ry', [0.0], [Fraction(-1, 1)]]","['Rx', [0.0], [Fraction(-1, 1)]]","['CZ', [1.0, 0.0], []]","['Ry', [0.0], [Fraction(-1, 1)]]","['Rx', [0.0], [Fraction(-1, 1)]]","['Ry', [1.0], [Fraction(1, 2)]]","['Ry', [5.0], [Fraction(1, 2)]]",,,,,,,,,,,,,,,,,,,,,,,,,,,,,,
13,0010010,"['Rx', [0.0], [Fraction(-1, 1)]]","['Ry', [2.0], [Fraction(1, 2)]]","['Rx', [2.0], [Fraction(1, 1)]]","['Ry', [5.0], [Fraction(1, 2)]]","['Rx', [5.0], [Fraction(1, 1)]]","['CZ', [5.0, 0.0], []]","['Ry', [0.0], [Fraction(-1, 1)]]","['Rx', [0.0], [Fraction(-1, 1)]]","['CZ', [2.0, 0.0], []]","['Ry', [0.0], [Fraction(-1, 1)]]","['Rx', [0.0], [Fraction(-1, 1)]]","['Ry', [2.0], [Fraction(1, 2)]]","['Ry', [5.0], [Fraction(1, 2)]]",,,,,,,,,,,,,,,,,,,,,,,,,,,,,,
19,0010011,"['Rx', [0.0], [Fraction(-1, 1)]]","['Ry', [1.0], [Fraction(1, 2)]]","['Rx', [1.0], [Fraction(1, 1)]]","['Ry', [2.0], [Fraction(1, 2)]]","['Rx', [2.0], [Fraction(1, 1)]]","['Ry', [5.0], [Fraction(1, 2)]]","['Rx', [5.0], [Fraction(1, 1)]]","['CZ', [5.0, 0.0], []]","['Ry', [0.0], [Fraction(-1, 1)]]","['Rx', [0.0], [Fraction(-1, 1)]]","['CZ', [2.0, 0.0], []]","['Ry', [0.0], [Fraction(-1, 1)]]","['Rx', [0.0], [Fraction(-1, 1)]]","['CZ', [1.0, 0.0], []]","['Ry', [0.0], [Fraction(-1, 1)]]","['Rx', [0.0], [Fraction(-1, 1)]]","['Ry', [1.0], [Fraction(1, 2)]]","['Ry', [2.0], [Fraction(1, 2)]]","['Ry', [5.0], [Fraction(1, 2)]]",,,,,,,,,,,,,,,,,,,,,,,,
13,0010100,"['Rx', [0.0], [Fraction(-1, 1)]]","['Ry', [3.0], [Fraction(1, 2)]]","['Rx', [3.0], [Fraction(1, 1)]]","['Ry', [5.0], [Fraction(1, 2)]]","['Rx', [5.0], [Fraction(1, 1)]]","['CZ', [5.0, 0.0], []]","['Ry', [0.0], [Fraction(-1, 1)]]","['Rx', [0.0], [Fraction(-1, 1)]]","['CZ', [3.0, 0.0], []]","['Ry', [0.0], [Fraction(-1, 1)]]","['Rx', [0.0], [Fraction(-1, 1)]]","['Ry', [3.0], [Fraction(1, 2)]]","['Ry', [5.0], [Fraction(1, 2)]]",,,,,,,,,,,,,,,,,,,,,,,,,,,,,,
19,0010101,"['Rx', [0.0], [Fraction(-1, 1)]]","['Ry', [1.0], [Fraction(1, 2)]]","['Rx', [1.0], [Fraction(1, 1)]]","['Ry', [3.0], [Fraction(1, 2)]]","['Rx', [3.0], [Fraction(1, 1)]]","['Ry', [5.0], [Fraction(1, 2)]]","['Rx', [5.0], [Fraction(1, 1)]]","['CZ', [5.0, 0.0], []]","['Ry', [0.0], [Fraction(-1, 1)]]","['Rx', [0.0], [Fraction(-1, 1)]]","['CZ', [3.0, 0.0], []]","['Ry', [0.0], [Fraction(-1, 1)]]","['Rx', [0.0], [Fraction(-1, 1)]]","['CZ', [1.0, 0.0], []]","['Ry', [0.0], [Fraction(-1, 1)]]","['Rx', [0.0], [Fraction(-1, 1)]]","['Ry', [1.0], [Fraction(1, 2)]]","['Ry', [3.0], [Fraction(1, 2)]]","['Ry', [5.0], [Fraction(1, 2)]]",,,,,,,,,,,,,,,,,,,,,,,,
19,0010110,"['Rx', [0.0], [Fraction(-1, 1)]]","['Ry', [2.0], [Fraction(1, 2)]]","['Rx', [2.0], [Fraction(1, 1)]]","['Ry', [3.0], [Fraction(1, 2)]]","['Rx', [3.0], [Fraction(1, 1)]]","['Ry', [5.0], [Fraction(1, 2)]]","['Rx', [5.0], [Fraction(1, 1)]]","['CZ', [5.0, 0.0], []]","['Ry', [0.0], [Fraction(-1, 1)]]","['Rx', [0.0], [Fraction(-1, 1)]]","['CZ', [3.0, 0.0], []]","['Ry', [0.0], [Fraction(-1, 1)]]","['Rx', [0.0], [Fraction(-1, 1)]]","['CZ', [2.0, 0.0], []]","['Ry', [0.0], [Fraction(-1, 1)]]","['Rx', [0.0], [Fraction(-1, 1)]]","['Ry', [2.0], [Fraction(1, 2)]]","['Ry', [3.0], [Fraction(1, 2)]]","['Ry', [5.0], [Fraction(1, 2)]]",,,,,,,,,,,,,,,,,,,,,,,,
25,0010111,"['Rx', [0.0], [Fraction(-1, 1)]]","['Ry', [1.0], [Fraction(1, 2)]]","['Rx', [1.0], [Fraction(1, 1)]]","['Ry', [2.0], [Fraction(1, 2)]]","['Rx', [2.0], [Fraction(1, 1)]]","['Ry', [3.0], [Fraction(1, 2)]]","['Rx', [3.0], [Fraction(1, 1)]]","['Ry', [5.0], [Fraction(1, 2)]]","['Rx', [5.0], [Fraction(1, 1)]]","['CZ', [5.0, 0.0], []]","['Ry', [0.0], [Fraction(-1, 1)]]","['Rx', [0.0], [Fraction(-1, 1)]]","['CZ', [3.0, 0.0], []]","['Ry', [0.0], [Fraction(-1, 1)]]","['Rx', [0.0], [Fraction(-1, 1)]]","['CZ', [2.0, 0.0], []]","['Ry', [0.0], [Fraction(-1, 1)]]","['Rx', [0.0], [Fraction(-1, 1)]]","['CZ', [1.0, 0.0], []]","['Ry', [0.0], [Fraction(-1, 1)]]","['Rx', [0.0], [Fraction(-1, 1)]]","['Ry', [1.0], [Fraction(1, 2)]]","['Ry', [2.0], [Fraction(1, 2)]]","['Ry', [3.0], [Fraction(1, 2)]]","['Ry', [5.0], [Fraction(1, 2)]]",,,,,,,,,,,,,,,,,,
13,0011000,"['Rx', [0.0], [Fraction(-1, 1)]]","['Ry', [4.0], [Fraction(1, 2)]]","['Rx', [4.0], [Fraction(1, 1)]]","['Ry', [5.0], [Fraction(1, 2)]]","['Rx', [5.0], [Fraction(1, 1)]]","['CZ', [5.0, 0.0], []]","['Ry', [0.0], [Fraction(-1, 1)]]","['Rx', [0.0], [Fraction(-1, 1)]]","['CZ', [4.0, 0.0], []]","['Ry', [0.0], [Fraction(-1, 1)]]","['Rx', [0.0], [Fraction(-1, 1)]]","['Ry', [4.0], [Fraction(1, 2)]]","['Ry', [5.0], [Fraction(1, 2)]]",,,,,,,,,,,,,,,,,,,,,,,,,,,,,,
19,0011001,"['Rx', [0.0], [Fraction(-1, 1)]]","['Ry', [1.0], [Fraction(1, 2)]]","['Rx', [1.0], [Fraction(1, 1)]]","['Ry', [4.0], [Fraction(1, 2)]]","['Rx', [4.0], [Fraction(1, 1)]]","['Ry', [5.0], [Fraction(1, 2)]]","['Rx', [5.0], [Fraction(1, 1)]]","['CZ', [5.0, 0.0], []]","['Ry', [0.0], [Fraction(-1, 1)]]","['Rx', [0.0], [Fraction(-1, 1)]]","['CZ', [4.0, 0.0], []]","['Ry', [0.0], [Fraction(-1, 1)]]","['Rx', [0.0], [Fraction(-1, 1)]]","['CZ', [1.0, 0.0], []]","['Ry', [0.0], [Fraction(-1, 1)]]","['Rx', [0.0], [Fraction(-1, 1)]]","['Ry', [1.0], [Fraction(1, 2)]]","['Ry', [4.0], [Fraction(1, 2)]]","['Ry', [5.0], [Fraction(1, 2)]]",,,,,,,,,,,,,,,,,,,,,,,,
19,0011010,"['Rx', [0.0], [Fraction(-1, 1)]]","['Ry', [2.0], [Fraction(1, 2)]]","['Rx', [2.0], [Fraction(1, 1)]]","['Ry', [4.0], [Fraction(1, 2)]]","['Rx', [4.0], [Fraction(1, 1)]]","['Ry', [5.0], [Fraction(1, 2)]]","['Rx', [5.0], [Fraction(1, 1)]]","['CZ', [5.0, 0.0], []]","['Ry', [0.0], [Fraction(-1, 1)]]","['Rx', [0.0], [Fraction(-1, 1)]]","['CZ', [4.0, 0.0], []]","['Ry', [0.0], [Fraction(-1, 1)]]","['Rx', [0.0], [Fraction(-1, 1)]]","['CZ', [2.0, 0.0], []]","['Ry', [0.0], [Fraction(-1, 1)]]","['Rx', [0.0], [Fraction(-1, 1)]]","['Ry', [2.0], [Fraction(1, 2)]]","['Ry', [4.0], [Fraction(1, 2)]]","['Ry', [5.0], [Fraction(1, 2)]]",,,,,,,,,,,,,,,,,,,,,,,,
25,0011011,"['Rx', [0.0], [Fraction(-1, 1)]]","['Ry', [1.0], [Fraction(1, 2)]]","['Rx', [1.0], [Fraction(1, 1)]]","['Ry', [2.0], [Fraction(1, 2)]]","['Rx', [2.0], [Fraction(1, 1)]]","['Ry', [4.0], [Fraction(1, 2)]]","['Rx', [4.0], [Fraction(1, 1)]]","['Ry', [5.0], [Fraction(1, 2)]]","['Rx', [5.0], [Fraction(1, 1)]]","['CZ', [5.0, 0.0], []]","['Ry', [0.0], [Fraction(-1, 1)]]","['Rx', [0.0], [Fraction(-1, 1)]]","['CZ', [4.0, 0.0], []]","['Ry', [0.0], [Fraction(-1, 1)]]","['Rx', [0.0], [Fraction(-1, 1)]]","['CZ', [2.0, 0.0], []]","['Ry', [0.0], [Fraction(-1, 1)]]","['Rx', [0.0], [Fraction(-1, 1)]]","['CZ', [1.0, 0.0], []]","['Ry', [0.0], [Fraction(-1, 1)]]","['Rx', [0.0], [Fraction(-1, 1)]]","['Ry', [1.0], [Fraction(1, 2)]]","['Ry', [2.0], [Fraction(1, 2)]]","['Ry', [4.0], [Fraction(1, 2)]]","['Ry', [5.0], [Fraction(1, 2)]]",,,,,,,,,,,,,,,,,,
19,0011100,"['Rx', [0.0], [Fraction(-1, 1)]]","['Ry', [3.0], [Fraction(1, 2)]]","['Rx', [3.0], [Fraction(1, 1)]]","['Ry', [4.0], [Fraction(1, 2)]]","['Rx', [4.0], [Fraction(1, 1)]]","['Ry', [5.0], [Fraction(1, 2)]]","['Rx', [5.0], [Fraction(1, 1)]]","['CZ', [5.0, 0.0], []]","['Ry', [0.0], [Fraction(-1, 1)]]","['Rx', [0.0], [Fraction(-1, 1)]]","['CZ', [4.0, 0.0], []]","['Ry', [0.0], [Fraction(-1, 1)]]","['Rx', [0.0], [Fraction(-1, 1)]]","['CZ', [3.0, 0.0], []]","['Ry', [0.0], [Fraction(-1, 1)]]","['Rx', [0.0], [Fraction(-1, 1)]]","['Ry', [3.0], [Fraction(1, 2)]]","['Ry', [4.0], [Fraction(1, 2)]]","['Ry', [5.0], [Fraction(1, 2)]]",,,,,,,,,,,,,,,,,,,,,,,,
25,0011101,"['Rx', [0.0], [Fraction(-1, 1)]]","['Ry', [1.0], [Fraction(1, 2)]]","['Rx', [1.0], [Fraction(1, 1)]]","['Ry', [3.0], [Fraction(1, 2)]]","['Rx', [3.0], [Fraction(1, 1)]]","['Ry', [4.0], [Fraction(1, 2)]]","['Rx', [4.0], [Fraction(1, 1)]]","['Ry', [5.0], [Fraction(1, 2)]]","['Rx', [5.0], [Fraction(1, 1)]]","['CZ', [5.0, 0.0], []]","['Ry', [0.0], [Fraction(-1, 1)]]","['Rx', [0.0], [Fraction(-1, 1)]]","['CZ', [4.0, 0.0], []]","['Ry', [0.0], [Fraction(-1, 1)]]","['Rx', [0.0], [Fraction(-1, 1)]]","['CZ', [3.0, 0.0], []]","['Ry', [0.0], [Fraction(-1, 1)]]","['Rx', [0.0], [Fraction(-1, 1)]]","['CZ', [1.0, 0.0], []]","['Ry', [0.0], [Fraction(-1, 1)]]","['Rx', [0.0], [Fraction(-1, 1)]]","['Ry', [1.0], [Fraction(1, 2)]]","['Ry', [3.0], [Fraction(1, 2)]]","['Ry', [4.0], [Fraction(1, 2)]]","['Ry', [5.0], [Fraction(1, 2)]]",,,,,,,,,,,,,,,,,,
25,0011110,"['Rx', [0.0], [Fraction(-1, 1)]]","['Ry', [2.0], [Fraction(1, 2)]]","['Rx', [2.0], [Fraction(1, 1)]]","['Ry', [3.0], [Fraction(1, 2)]]","['Rx', [3.0], [Fraction(1, 1)]]","['Ry', [4.0], [Fraction(1, 2)]]","['Rx', [4.0], [Fraction(1, 1)]]","['Ry', [5.0], [Fraction(1, 2)]]","['Rx', [5.0], [Fraction(1, 1)]]","['CZ', [5.0, 0.0], []]","['Ry', [0.0], [Fraction(-1, 1)]]","['Rx', [0.0], [Fraction(-1, 1)]]","['CZ', [4.0, 0.0], []]","['Ry', [0.0], [Fraction(-1, 1)]]","['Rx', [0.0], [Fraction(-1, 1)]]","['CZ', [3.0, 0.0], []]","['Ry', [0.0], [Fraction(-1, 1)]]","['Rx', [0.0], [Fraction(-1, 1)]]","['CZ', [2.0, 0.0], []]","['Ry', [0.0], [Fraction(-1, 1)]]","['Rx', [0.0], [Fraction(-1, 1)]]","['Ry', [2.0], [Fraction(1, 2)]]","['Ry', [3.0], [Fraction(1, 2)]]","['Ry', [4.0], [Fraction(1, 2)]]","['Ry', [5.0], [Fraction(1, 2)]]",,,,,,,,,,,,,,,,,,
31,0011111,"['Rx', [0.0], [Fraction(-1, 1)]]","['Ry', [1.0], [Fraction(1, 2)]]","['Rx', [1.0], [Fraction(1, 1)]]","['Ry', [2.0], [Fraction(1, 2)]]","['Rx', [2.0], [Fraction(1, 1)]]","['Ry', [3.0], [Fraction(1, 2)]]","['Rx', [3.0], [Fraction(1, 1)]]","['Ry', [4.0], [Fraction(1, 2)]]","['Rx', [4.0], [Fraction(1, 1)]]","['Ry', [5.0], [Fraction(1, 2)]]","['Rx', [5.0], [Fraction(1, 1)]]","['CZ', [5.0, 0.0], []]","['Ry', [0.0], [Fraction(-1, 1)]]","['Rx', [0.0], [Fraction(-1, 1)]]","['CZ', [4.0, 0.0], []]","['Ry', [0.0], [Fraction(-1, 1)]]","['Rx', [0.0], [Fraction(-1, 1)]]","['CZ', [3.0, 0.0], []]","['Ry', [0.0], [Fraction(-1, 1)]]","['Rx', [0.0], [Fraction(-1, 1)]]","['CZ', [2.0, 0.0], []]","['Ry', [0.0], [Fraction(-1, 1)]]","['Rx', [0.0], [Fraction(-1, 1)]]","['CZ', [1.0, 0.0], []]","['Ry', [0.0], [Fraction(-1, 1)]]","['Rx', [0.0], [Fraction(-1, 1)]]","['Ry', [1.0], [Fraction(1, 2)]]","['Ry', [2.0], [Fraction(1, 2)]]","['Ry', [3.0], [Fraction(1, 2)]]","['Ry', [4.0], [Fraction(1, 2)]]","['Ry', [5.0], [Fraction(1, 2)]]",,,,,,,,,,,,
7,0100000,"['Rx', [0.0], [Fraction(-1, 1)]]","['Ry', [6.0], [Fraction(1, 2)]]","['Rx', [6.0], [Fraction(1, 1)]]","['CZ', [6.0, 0.0], []]","['Ry', [0.0], [Fraction(-1, 1)]]","['Rx', [0.0], [Fraction(-1, 1)]]","['Ry', [6.0], [Fraction(1, 2)]]",,,,,,,,,,,,,,,,,,,,,,,,,,,,,,,,,,,,
13,0100001,"['Rx', [0.0], [Fraction(-1, 1)]]","['Ry', [1.0], [Fraction(1, 2)]]","['Rx', [1.0], [Fraction(1, 1)]]","['Ry', [6.0], [Fraction(1, 2)]]","['Rx', [6.0], [Fraction(1, 1)]]","['CZ', [6.0, 0.0], []]","['Ry', [0.0], [Fraction(-1, 1)]]","['Rx', [0.0], [Fraction(-1, 1)]]","['CZ', [1.0, 0.0], []]","['Ry', [0.0], [Fraction(-1, 1)]]","['Rx', [0.0], [Fraction(-1, 1)]]","['Ry', [1.0], [Fraction(1, 2)]]","['Ry', [6.0], [Fraction(1, 2)]]",,,,,,,,,,,,,,,,,,,,,,,,,,,,,,
13,0100010,"['Rx', [0.0], [Fraction(-1, 1)]]","['Ry', [2.0], [Fraction(1, 2)]]","['Rx', [2.0], [Fraction(1, 1)]]","['Ry', [6.0], [Fraction(1, 2)]]","['Rx', [6.0], [Fraction(1, 1)]]","['CZ', [6.0, 0.0], []]","['Ry', [0.0], [Fraction(-1, 1)]]","['Rx', [0.0], [Fraction(-1, 1)]]","['CZ', [2.0, 0.0], []]","['Ry', [0.0], [Fraction(-1, 1)]]","['Rx', [0.0], [Fraction(-1, 1)]]","['Ry', [2.0], [Fraction(1, 2)]]","['Ry', [6.0], [Fraction(1, 2)]]",,,,,,,,,,,,,,,,,,,,,,,,,,,,,,
19,0100011,"['Rx', [0.0], [Fraction(-1, 1)]]","['Ry', [1.0], [Fraction(1, 2)]]","['Rx', [1.0], [Fraction(1, 1)]]","['Ry', [2.0], [Fraction(1, 2)]]","['Rx', [2.0], [Fraction(1, 1)]]","['Ry', [6.0], [Fraction(1, 2)]]","['Rx', [6.0], [Fraction(1, 1)]]","['CZ', [6.0, 0.0], []]","['Ry', [0.0], [Fraction(-1, 1)]]","['Rx', [0.0], [Fraction(-1, 1)]]","['CZ', [2.0, 0.0], []]","['Ry', [0.0], [Fraction(-1, 1)]]","['Rx', [0.0], [Fraction(-1, 1)]]","['CZ', [1.0, 0.0], []]","['Ry', [0.0], [Fraction(-1, 1)]]","['Rx', [0.0], [Fraction(-1, 1)]]","['Ry', [1.0], [Fraction(1, 2)]]","['Ry', [2.0], [Fraction(1, 2)]]","['Ry', [6.0], [Fraction(1, 2)]]",,,,,,,,,,,,,,,,,,,,,,,,
13,0100100,"['Rx', [0.0], [Fraction(-1, 1)]]","['Ry', [3.0], [Fraction(1, 2)]]","['Rx', [3.0], [Fraction(1, 1)]]","['Ry', [6.0], [Fraction(1, 2)]]","['Rx', [6.0], [Fraction(1, 1)]]","['CZ', [6.0, 0.0], []]","['Ry', [0.0], [Fraction(-1, 1)]]","['Rx', [0.0], [Fraction(-1, 1)]]","['CZ', [3.0, 0.0], []]","['Ry', [0.0], [Fraction(-1, 1)]]","['Rx', [0.0], [Fraction(-1, 1)]]","['Ry', [3.0], [Fraction(1, 2)]]","['Ry', [6.0], [Fraction(1, 2)]]",,,,,,,,,,,,,,,,,,,,,,,,,,,,,,
19,0100101,"['Rx', [0.0], [Fraction(-1, 1)]]","['Ry', [1.0], [Fraction(1, 2)]]","['Rx', [1.0], [Fraction(1, 1)]]","['Ry', [3.0], [Fraction(1, 2)]]","['Rx', [3.0], [Fraction(1, 1)]]","['Ry', [6.0], [Fraction(1, 2)]]","['Rx', [6.0], [Fraction(1, 1)]]","['CZ', [6.0, 0.0], []]","['Ry', [0.0], [Fraction(-1, 1)]]","['Rx', [0.0], [Fraction(-1, 1)]]","['CZ', [3.0, 0.0], []]","['Ry', [0.0], [Fraction(-1, 1)]]","['Rx', [0.0], [Fraction(-1, 1)]]","['CZ', [1.0, 0.0], []]","['Ry', [0.0], [Fraction(-1, 1)]]","['Rx', [0.0], [Fraction(-1, 1)]]","['Ry', [1.0], [Fraction(1, 2)]]","['Ry', [3.0], [Fraction(1, 2)]]","['Ry', [6.0], [Fraction(1, 2)]]",,,,,,,,,,,,,,,,,,,,,,,,
19,0100110,"['Rx', [0.0], [Fraction(-1, 1)]]","['Ry', [2.0], [Fraction(1, 2)]]","['Rx', [2.0], [Fraction(1, 1)]]","['Ry', [3.0], [Fraction(1, 2)]]","['Rx', [3.0], [Fraction(1, 1)]]","['Ry', [6.0], [Fraction(1, 2)]]","['Rx', [6.0], [Fraction(1, 1)]]","['CZ', [6.0, 0.0], []]","['Ry', [0.0], [Fraction(-1, 1)]]","['Rx', [0.0], [Fraction(-1, 1)]]","['CZ', [3.0, 0.0], []]","['Ry', [0.0], [Fraction(-1, 1)]]","['Rx', [0.0], [Fraction(-1, 1)]]","['CZ', [2.0, 0.0], []]","['Ry', [0.0], [Fraction(-1, 1)]]","['Rx', [0.0], [Fraction(-1, 1)]]","['Ry', [2.0], [Fraction(1, 2)]]","['Ry', [3.0], [Fraction(1, 2)]]","['Ry', [6.0], [Fraction(1, 2)]]",,,,,,,,,,,,,,,,,,,,,,,,
25,0100111,"['Rx', [0.0], [Fraction(-1, 1)]]","['Ry', [1.0], [Fraction(1, 2)]]","['Rx', [1.0], [Fraction(1, 1)]]","['Ry', [2.0], [Fraction(1, 2)]]","['Rx', [2.0], [Fraction(1, 1)]]","['Ry', [3.0], [Fraction(1, 2)]]","['Rx', [3.0], [Fraction(1, 1)]]","['Ry', [6.0], [Fraction(1, 2)]]","['Rx', [6.0], [Fraction(1, 1)]]","['CZ', [6.0, 0.0], []]","['Ry', [0.0], [Fraction(-1, 1)]]","['Rx', [0.0], [Fraction(-1, 1)]]","['CZ', [3.0, 0.0], []]","['Ry', [0.0], [Fraction(-1, 1)]]","['Rx', [0.0], [Fraction(-1, 1)]]","['CZ', [2.0, 0.0], []]","['Ry', [0.0], [Fraction(-1, 1)]]","['Rx', [0.0], [Fraction(-1, 1)]]","['CZ', [1.0, 0.0], []]","['Ry', [0.0], [Fraction(-1, 1)]]","['Rx', [0.0], [Fraction(-1, 1)]]","['Ry', [1.0], [Fraction(1, 2)]]","['Ry', [2.0], [Fraction(1, 2)]]","['Ry', [3.0], [Fraction(1, 2)]]","['Ry', [6.0], [Fraction(1, 2)]]",,,,,,,,,,,,,,,,,,
13,0101000,"['Rx', [0.0], [Fraction(-1, 1)]]","['Ry', [4.0], [Fraction(1, 2)]]","['Rx', [4.0], [Fraction(1, 1)]]","['Ry', [6.0], [Fraction(1, 2)]]","['Rx', [6.0], [Fraction(1, 1)]]","['CZ', [6.0, 0.0], []]","['Ry', [0.0], [Fraction(-1, 1)]]","['Rx', [0.0], [Fraction(-1, 1)]]","['CZ', [4.0, 0.0], []]","['Ry', [0.0], [Fraction(-1, 1)]]","['Rx', [0.0], [Fraction(-1, 1)]]","['Ry', [4.0], [Fraction(1, 2)]]","['Ry', [6.0], [Fraction(1, 2)]]",,,,,,,,,,,,,,,,,,,,,,,,,,,,,,
19,0101001,"['Rx', [0.0], [Fraction(-1, 1)]]","['Ry', [1.0], [Fraction(1, 2)]]","['Rx', [1.0], [Fraction(1, 1)]]","['Ry', [4.0], [Fraction(1, 2)]]","['Rx', [4.0], [Fraction(1, 1)]]","['Ry', [6.0], [Fraction(1, 2)]]","['Rx', [6.0], [Fraction(1, 1)]]","['CZ', [6.0, 0.0], []]","['Ry', [0.0], [Fraction(-1, 1)]]","['Rx', [0.0], [Fraction(-1, 1)]]","['CZ', [4.0, 0.0], []]","['Ry', [0.0], [Fraction(-1, 1)]]","['Rx', [0.0], [Fraction(-1, 1)]]","['CZ', [1.0, 0.0], []]","['Ry', [0.0], [Fraction(-1, 1)]]","['Rx', [0.0], [Fraction(-1, 1)]]","['Ry', [1.0], [Fraction(1, 2)]]","['Ry', [4.0], [Fraction(1, 2)]]","['Ry', [6.0], [Fraction(1, 2)]]",,,,,,,,,,,,,,,,,,,,,,,,
19,0101010,"['Rx', [0.0], [Fraction(-1, 1)]]","['Ry', [2.0], [Fraction(1, 2)]]","['Rx', [2.0], [Fraction(1, 1)]]","['Ry', [4.0], [Fraction(1, 2)]]","['Rx', [4.0], [Fraction(1, 1)]]","['Ry', [6.0], [Fraction(1, 2)]]","['Rx', [6.0], [Fraction(1, 1)]]","['CZ', [6.0, 0.0], []]","['Ry', [0.0], [Fraction(-1, 1)]]","['Rx', [0.0], [Fraction(-1, 1)]]","['CZ', [4.0, 0.0], []]","['Ry', [0.0], [Fraction(-1, 1)]]","['Rx', [0.0], [Fraction(-1, 1)]]","['CZ', [2.0, 0.0], []]","['Ry', [0.0], [Fraction(-1, 1)]]","['Rx', [0.0], [Fraction(-1, 1)]]","['Ry', [2.0], [Fraction(1, 2)]]","['Ry', [4.0], [Fraction(1, 2)]]","['Ry', [6.0], [Fraction(1, 2)]]",,,,,,,,,,,,,,,,,,,,,,,,
25,0101011,"['Rx', [0.0], [Fraction(-1, 1)]]","['Ry', [1.0], [Fraction(1, 2)]]","['Rx', [1.0], [Fraction(1, 1)]]","['Ry', [2.0], [Fraction(1, 2)]]","['Rx', [2.0], [Fraction(1, 1)]]","['Ry', [4.0], [Fraction(1, 2)]]","['Rx', [4.0], [Fraction(1, 1)]]","['Ry', [6.0], [Fraction(1, 2)]]","['Rx', [6.0], [Fraction(1, 1)]]","['CZ', [6.0, 0.0], []]","['Ry', [0.0], [Fraction(-1, 1)]]","['Rx', [0.0], [Fraction(-1, 1)]]","['CZ', [4.0, 0.0], []]","['Ry', [0.0], [Fraction(-1, 1)]]","['Rx', [0.0], [Fraction(-1, 1)]]","['CZ', [2.0, 0.0], []]","['Ry', [0.0], [Fraction(-1, 1)]]","['Rx', [0.0], [Fraction(-1, 1)]]","['CZ', [1.0, 0.0], []]","['Ry', [0.0], [Fraction(-1, 1)]]","['Rx', [0.0], [Fraction(-1, 1)]]","['Ry', [1.0], [Fraction(1, 2)]]","['Ry', [2.0], [Fraction(1, 2)]]","['Ry', [4.0], [Fraction(1, 2)]]","['Ry', [6.0], [Fraction(1, 2)]]",,,,,,,,,,,,,,,,,,
19,0101100,"['Rx', [0.0], [Fraction(-1, 1)]]","['Ry', [3.0], [Fraction(1, 2)]]","['Rx', [3.0], [Fraction(1, 1)]]","['Ry', [4.0], [Fraction(1, 2)]]","['Rx', [4.0], [Fraction(1, 1)]]","['Ry', [6.0], [Fraction(1, 2)]]","['Rx', [6.0], [Fraction(1, 1)]]","['CZ', [6.0, 0.0], []]","['Ry', [0.0], [Fraction(-1, 1)]]","['Rx', [0.0], [Fraction(-1, 1)]]","['CZ', [4.0, 0.0], []]","['Ry', [0.0], [Fraction(-1, 1)]]","['Rx', [0.0], [Fraction(-1, 1)]]","['CZ', [3.0, 0.0], []]","['Ry', [0.0], [Fraction(-1, 1)]]","['Rx', [0.0], [Fraction(-1, 1)]]","['Ry', [3.0], [Fraction(1, 2)]]","['Ry', [4.0], [Fraction(1, 2)]]","['Ry', [6.0], [Fraction(1, 2)]]",,,,,,,,,,,,,,,,,,,,,,,,
25,0101101,"['Rx', [0.0], [Fraction(-1, 1)]]","['Ry', [1.0], [Fraction(1, 2)]]","['Rx', [1.0], [Fraction(1, 1)]]","['Ry', [3.0], [Fraction(1, 2)]]","['Rx', [3.0], [Fraction(1, 1)]]","['Ry', [4.0], [Fraction(1, 2)]]","['Rx', [4.0], [Fraction(1, 1)]]","['Ry', [6.0], [Fraction(1, 2)]]","['Rx', [6.0], [Fraction(1, 1)]]","['CZ', [6.0, 0.0], []]","['Ry', [0.0], [Fraction(-1, 1)]]","['Rx', [0.0], [Fraction(-1, 1)]]","['CZ', [4.0, 0.0], []]","['Ry', [0.0], [Fraction(-1, 1)]]","['Rx', [0.0], [Fraction(-1, 1)]]","['CZ', [3.0, 0.0], []]","['Ry', [0.0], [Fraction(-1, 1)]]","['Rx', [0.0], [Fraction(-1, 1)]]","['CZ', [1.0, 0.0], []]","['Ry', [0.0], [Fraction(-1, 1)]]","['Rx', [0.0], [Fraction(-1, 1)]]","['Ry', [1.0], [Fraction(1, 2)]]","['Ry', [3.0], [Fraction(1, 2)]]","['Ry', [4.0], [Fraction(1, 2)]]","['Ry', [6.0], [Fraction(1, 2)]]",,,,,,,,,,,,,,,,,,
25,0101110,"['Rx', [0.0], [Fraction(-1, 1)]]","['Ry', [2.0], [Fraction(1, 2)]]","['Rx', [2.0], [Fraction(1, 1)]]","['Ry', [3.0], [Fraction(1, 2)]]","['Rx', [3.0], [Fraction(1, 1)]]","['Ry', [4.0], [Fraction(1, 2)]]","['Rx', [4.0], [Fraction(1, 1)]]","['Ry', [6.0], [Fraction(1, 2)]]","['Rx', [6.0], [Fraction(1, 1)]]","['CZ', [6.0, 0.0], []]","['Ry', [0.0], [Fraction(-1, 1)]]","['Rx', [0.0], [Fraction(-1, 1)]]","['CZ', [4.0, 0.0], []]","['Ry', [0.0], [Fraction(-1, 1)]]","['Rx', [0.0], [Fraction(-1, 1)]]","['CZ', [3.0, 0.0], []]","['Ry', [0.0], [Fraction(-1, 1)]]","['Rx', [0.0], [Fraction(-1, 1)]]","['CZ', [2.0, 0.0], []]","['Ry', [0.0], [Fraction(-1, 1)]]","['Rx', [0.0], [Fraction(-1, 1)]]","['Ry', [2.0], [Fraction(1, 2)]]","['Ry', [3.0], [Fraction(1, 2)]]","['Ry', [4.0], [Fraction(1, 2)]]","['Ry', [6.0], [Fraction(1, 2)]]",,,,,,,,,,,,,,,,,,
31,0101111,"['Rx', [0.0], [Fraction(-1, 1)]]","['Ry', [1.0], [Fraction(1, 2)]]","['Rx', [1.0], [Fraction(1, 1)]]","['Ry', [2.0], [Fraction(1, 2)]]","['Rx', [2.0], [Fraction(1, 1)]]","['Ry', [3.0], [Fraction(1, 2)]]","['Rx', [3.0], [Fraction(1, 1)]]","['Ry', [4.0], [Fraction(1, 2)]]","['Rx', [4.0], [Fraction(1, 1)]]","['Ry', [6.0], [Fraction(1, 2)]]","['Rx', [6.0], [Fraction(1, 1)]]","['CZ', [6.0, 0.0], []]","['Ry', [0.0], [Fraction(-1, 1)]]","['Rx', [0.0], [Fraction(-1, 1)]]","['CZ', [4.0, 0.0], []]","['Ry', [0.0], [Fraction(-1, 1)]]","['Rx', [0.0], [Fraction(-1, 1)]]","['CZ', [3.0, 0.0], []]","['Ry', [0.0], [Fraction(-1, 1)]]","['Rx', [0.0], [Fraction(-1, 1)]]","['CZ', [2.0, 0.0], []]","['Ry', [0.0], [Fraction(-1, 1)]]","['Rx', [0.0], [Fraction(-1, 1)]]","['CZ', [1.0, 0.0], []]","['Ry', [0.0], [Fraction(-1, 1)]]","['Rx', [0.0], [Fraction(-1, 1)]]","['Ry', [1.0], [Fraction(1, 2)]]","['Ry', [2.0], [Fraction(1, 2)]]","['Ry', [3.0], [Fraction(1, 2)]]","['Ry', [4.0], [Fraction(1, 2)]]","['Ry', [6.0], [Fraction(1, 2)]]",,,,,,,,,,,,
13,0110000,"['Rx', [0.0], [Fraction(-1, 1)]]","['Ry', [5.0], [Fraction(1, 2)]]","['Rx', [5.0], [Fraction(1, 1)]]","['Ry', [6.0], [Fraction(1, 2)]]","['Rx', [6.0], [Fraction(1, 1)]]","['CZ', [6.0, 0.0], []]","['Ry', [0.0], [Fraction(-1, 1)]]","['Rx', [0.0], [Fraction(-1, 1)]]","['CZ', [5.0, 0.0], []]","['Ry', [0.0], [Fraction(-1, 1)]]","['Rx', [0.0], [Fraction(-1, 1)]]","['Ry', [5.0], [Fraction(1, 2)]]","['Ry', [6.0], [Fraction(1, 2)]]",,,,,,,,,,,,,,,,,,,,,,,,,,,,,,
19,0110001,"['Rx', [0.0], [Fraction(-1, 1)]]","['Ry', [1.0], [Fraction(1, 2)]]","['Rx', [1.0], [Fraction(1, 1)]]","['Ry', [5.0], [Fraction(1, 2)]]","['Rx', [5.0], [Fraction(1, 1)]]","['Ry', [6.0], [Fraction(1, 2)]]","['Rx', [6.0], [Fraction(1, 1)]]","['CZ', [6.0, 0.0], []]","['Ry', [0.0], [Fraction(-1, 1)]]","['Rx', [0.0], [Fraction(-1, 1)]]","['CZ', [5.0, 0.0], []]","['Ry', [0.0], [Fraction(-1, 1)]]","['Rx', [0.0], [Fraction(-1, 1)]]","['CZ', [1.0, 0.0], []]","['Ry', [0.0], [Fraction(-1, 1)]]","['Rx', [0.0], [Fraction(-1, 1)]]","['Ry', [1.0], [Fraction(1, 2)]]","['Ry', [5.0], [Fraction(1, 2)]]","['Ry', [6.0], [Fraction(1, 2)]]",,,,,,,,,,,,,,,,,,,,,,,,
19,0110010,"['Rx', [0.0], [Fraction(-1, 1)]]","['Ry', [2.0], [Fraction(1, 2)]]","['Rx', [2.0], [Fraction(1, 1)]]","['Ry', [5.0], [Fraction(1, 2)]]","['Rx', [5.0], [Fraction(1, 1)]]","['Ry', [6.0], [Fraction(1, 2)]]","['Rx', [6.0], [Fraction(1, 1)]]","['CZ', [6.0, 0.0], []]","['Ry', [0.0], [Fraction(-1, 1)]]","['Rx', [0.0], [Fraction(-1, 1)]]","['CZ', [5.0, 0.0], []]","['Ry', [0.0], [Fraction(-1, 1)]]","['Rx', [0.0], [Fraction(-1, 1)]]","['CZ', [2.0, 0.0], []]","['Ry', [0.0], [Fraction(-1, 1)]]","['Rx', [0.0], [Fraction(-1, 1)]]","['Ry', [2.0], [Fraction(1, 2)]]","['Ry', [5.0], [Fraction(1, 2)]]","['Ry', [6.0], [Fraction(1, 2)]]",,,,,,,,,,,,,,,,,,,,,,,,
25,0110011,"['Rx', [0.0], [Fraction(-1, 1)]]","['Ry', [1.0], [Fraction(1, 2)]]","['Rx', [1.0], [Fraction(1, 1)]]","['Ry', [2.0], [Fraction(1, 2)]]","['Rx', [2.0], [Fraction(1, 1)]]","['Ry', [5.0], [Fraction(1, 2)]]","['Rx', [5.0], [Fraction(1, 1)]]","['Ry', [6.0], [Fraction(1, 2)]]","['Rx', [6.0], [Fraction(1, 1)]]","['CZ', [6.0, 0.0], []]","['Ry', [0.0], [Fraction(-1, 1)]]","['Rx', [0.0], [Fraction(-1, 1)]]","['CZ', [5.0, 0.0], []]","['Ry', [0.0], [Fraction(-1, 1)]]","['Rx', [0.0], [Fraction(-1, 1)]]","['CZ', [2.0, 0.0], []]","['Ry', [0.0], [Fraction(-1, 1)]]","['Rx', [0.0], [Fraction(-1, 1)]]","['CZ', [1.0, 0.0], []]","['Ry', [0.0], [Fraction(-1, 1)]]","['Rx', [0.0], [Fraction(-1, 1)]]","['Ry', [1.0], [Fraction(1, 2)]]","['Ry', [2.0], [Fraction(1, 2)]]","['Ry', [5.0], [Fraction(1, 2)]]","['Ry', [6.0], [Fraction(1, 2)]]",,,,,,,,,,,,,,,,,,
19,0110100,"['Rx', [0.0], [Fraction(-1, 1)]]","['Ry', [3.0], [Fraction(1, 2)]]","['Rx', [3.0], [Fraction(1, 1)]]","['Ry', [5.0], [Fraction(1, 2)]]","['Rx', [5.0], [Fraction(1, 1)]]","['Ry', [6.0], [Fraction(1, 2)]]","['Rx', [6.0], [Fraction(1, 1)]]","['CZ', [6.0, 0.0], []]","['Ry', [0.0], [Fraction(-1, 1)]]","['Rx', [0.0], [Fraction(-1, 1)]]","['CZ', [5.0, 0.0], []]","['Ry', [0.0], [Fraction(-1, 1)]]","['Rx', [0.0], [Fraction(-1, 1)]]","['CZ', [3.0, 0.0], []]","['Ry', [0.0], [Fraction(-1, 1)]]","['Rx', [0.0], [Fraction(-1, 1)]]","['Ry', [3.0], [Fraction(1, 2)]]","['Ry', [5.0], [Fraction(1, 2)]]","['Ry', [6.0], [Fraction(1, 2)]]",,,,,,,,,,,,,,,,,,,,,,,,
25,0110101,"['Rx', [0.0], [Fraction(-1, 1)]]","['Ry', [1.0], [Fraction(1, 2)]]","['Rx', [1.0], [Fraction(1, 1)]]","['Ry', [3.0], [Fraction(1, 2)]]","['Rx', [3.0], [Fraction(1, 1)]]","['Ry', [5.0], [Fraction(1, 2)]]","['Rx', [5.0], [Fraction(1, 1)]]","['Ry', [6.0], [Fraction(1, 2)]]","['Rx', [6.0], [Fraction(1, 1)]]","['CZ', [6.0, 0.0], []]","['Ry', [0.0], [Fraction(-1, 1)]]","['Rx', [0.0], [Fraction(-1, 1)]]","['CZ', [5.0, 0.0], []]","['Ry', [0.0], [Fraction(-1, 1)]]","['Rx', [0.0], [Fraction(-1, 1)]]","['CZ', [3.0, 0.0], []]","['Ry', [0.0], [Fraction(-1, 1)]]","['Rx', [0.0], [Fraction(-1, 1)]]","['CZ', [1.0, 0.0], []]","['Ry', [0.0], [Fraction(-1, 1)]]","['Rx', [0.0], [Fraction(-1, 1)]]","['Ry', [1.0], [Fraction(1, 2)]]","['Ry', [3.0], [Fraction(1, 2)]]","['Ry', [5.0], [Fraction(1, 2)]]","['Ry', [6.0], [Fraction(1, 2)]]",,,,,,,,,,,,,,,,,,
25,0110110,"['Rx', [0.0], [Fraction(-1, 1)]]","['Ry', [2.0], [Fraction(1, 2)]]","['Rx', [2.0], [Fraction(1, 1)]]","['Ry', [3.0], [Fraction(1, 2)]]","['Rx', [3.0], [Fraction(1, 1)]]","['Ry', [5.0], [Fraction(1, 2)]]","['Rx', [5.0], [Fraction(1, 1)]]","['Ry', [6.0], [Fraction(1, 2)]]","['Rx', [6.0], [Fraction(1, 1)]]","['CZ', [6.0, 0.0], []]","['Ry', [0.0], [Fraction(-1, 1)]]","['Rx', [0.0], [Fraction(-1, 1)]]","['CZ', [5.0, 0.0], []]","['Ry', [0.0], [Fraction(-1, 1)]]","['Rx', [0.0], [Fraction(-1, 1)]]","['CZ', [3.0, 0.0], []]","['Ry', [0.0], [Fraction(-1, 1)]]","['Rx', [0.0], [Fraction(-1, 1)]]","['CZ', [2.0, 0.0], []]","['Ry', [0.0], [Fraction(-1, 1)]]","['Rx', [0.0], [Fraction(-1, 1)]]","['Ry', [2.0], [Fraction(1, 2)]]","['Ry', [3.0], [Fraction(1, 2)]]","['Ry', [5.0], [Fraction(1, 2)]]","['Ry', [6.0], [Fraction(1, 2)]]",,,,,,,,,,,,,,,,,,
31,0110111,"['Rx', [0.0], [Fraction(-1, 1)]]","['Ry', [1.0], [Fraction(1, 2)]]","['Rx', [1.0], [Fraction(1, 1)]]","['Ry', [2.0], [Fraction(1, 2)]]","['Rx', [2.0], [Fraction(1, 1)]]","['Ry', [3.0], [Fraction(1, 2)]]","['Rx', [3.0], [Fraction(1, 1)]]","['Ry', [5.0], [Fraction(1, 2)]]","['Rx', [5.0], [Fraction(1, 1)]]","['Ry', [6.0], [Fraction(1, 2)]]","['Rx', [6.0], [Fraction(1, 1)]]","['CZ', [6.0, 0.0], []]","['Ry', [0.0], [Fraction(-1, 1)]]","['Rx', [0.0], [Fraction(-1, 1)]]","['CZ', [5.0, 0.0], []]","['Ry', [0.0], [Fraction(-1, 1)]]","['Rx', [0.0], [Fraction(-1, 1)]]","['CZ', [3.0, 0.0], []]","['Ry', [0.0], [Fraction(-1, 1)]]","['Rx', [0.0], [Fraction(-1, 1)]]","['CZ', [2.0, 0.0], []]","['Ry', [0.0], [Fraction(-1, 1)]]","['Rx', [0.0], [Fraction(-1, 1)]]","['CZ', [1.0, 0.0], []]","['Ry', [0.0], [Fraction(-1, 1)]]","['Rx', [0.0], [Fraction(-1, 1)]]","['Ry', [1.0], [Fraction(1, 2)]]","['Ry', [2.0], [Fraction(1, 2)]]","['Ry', [3.0], [Fraction(1, 2)]]","['Ry', [5.0], [Fraction(1, 2)]]","['Ry', [6.0], [Fraction(1, 2)]]",,,,,,,,,,,,
19,0111000,"['Rx', [0.0], [Fraction(-1, 1)]]","['Ry', [4.0], [Fraction(1, 2)]]","['Rx', [4.0], [Fraction(1, 1)]]","['Ry', [5.0], [Fraction(1, 2)]]","['Rx', [5.0], [Fraction(1, 1)]]","['Ry', [6.0], [Fraction(1, 2)]]","['Rx', [6.0], [Fraction(1, 1)]]","['CZ', [6.0, 0.0], []]","['Ry', [0.0], [Fraction(-1, 1)]]","['Rx', [0.0], [Fraction(-1, 1)]]","['CZ', [5.0, 0.0], []]","['Ry', [0.0], [Fraction(-1, 1)]]","['Rx', [0.0], [Fraction(-1, 1)]]","['CZ', [4.0, 0.0], []]","['Ry', [0.0], [Fraction(-1, 1)]]","['Rx', [0.0], [Fraction(-1, 1)]]","['Ry', [4.0], [Fraction(1, 2)]]","['Ry', [5.0], [Fraction(1, 2)]]","['Ry', [6.0], [Fraction(1, 2)]]",,,,,,,,,,,,,,,,,,,,,,,,
25,0111001,"['Rx', [0.0], [Fraction(-1, 1)]]","['Ry', [1.0], [Fraction(1, 2)]]","['Rx', [1.0], [Fraction(1, 1)]]","['Ry', [4.0], [Fraction(1, 2)]]","['Rx', [4.0], [Fraction(1, 1)]]","['Ry', [5.0], [Fraction(1, 2)]]","['Rx', [5.0], [Fraction(1, 1)]]","['Ry', [6.0], [Fraction(1, 2)]]","['Rx', [6.0], [Fraction(1, 1)]]","['CZ', [6.0, 0.0], []]","['Ry', [0.0], [Fraction(-1, 1)]]","['Rx', [0.0], [Fraction(-1, 1)]]","['CZ', [5.0, 0.0], []]","['Ry', [0.0], [Fraction(-1, 1)]]","['Rx', [0.0], [Fraction(-1, 1)]]","['CZ', [4.0, 0.0], []]","['Ry', [0.0], [Fraction(-1, 1)]]","['Rx', [0.0], [Fraction(-1, 1)]]","['CZ', [1.0, 0.0], []]","['Ry', [0.0], [Fraction(-1, 1)]]","['Rx', [0.0], [Fraction(-1, 1)]]","['Ry', [1.0], [Fraction(1, 2)]]","['Ry', [4.0], [Fraction(1, 2)]]","['Ry', [5.0], [Fraction(1, 2)]]","['Ry', [6.0], [Fraction(1, 2)]]",,,,,,,,,,,,,,,,,,
25,0111010,"['Rx', [0.0], [Fraction(-1, 1)]]","['Ry', [2.0], [Fraction(1, 2)]]","['Rx', [2.0], [Fraction(1, 1)]]","['Ry', [4.0], [Fraction(1, 2)]]","['Rx', [4.0], [Fraction(1, 1)]]","['Ry', [5.0], [Fraction(1, 2)]]","['Rx', [5.0], [Fraction(1, 1)]]","['Ry', [6.0], [Fraction(1, 2)]]","['Rx', [6.0], [Fraction(1, 1)]]","['CZ', [6.0, 0.0], []]","['Ry', [0.0], [Fraction(-1, 1)]]","['Rx', [0.0], [Fraction(-1, 1)]]","['CZ', [5.0, 0.0], []]","['Ry', [0.0], [Fraction(-1, 1)]]","['Rx', [0.0], [Fraction(-1, 1)]]","['CZ', [4.0, 0.0], []]","['Ry', [0.0], [Fraction(-1, 1)]]","['Rx', [0.0], [Fraction(-1, 1)]]","['CZ', [2.0, 0.0], []]","['Ry', [0.0], [Fraction(-1, 1)]]","['Rx', [0.0], [Fraction(-1, 1)]]","['Ry', [2.0], [Fraction(1, 2)]]","['Ry', [4.0], [Fraction(1, 2)]]","['Ry', [5.0], [Fraction(1, 2)]]","['Ry', [6.0], [Fraction(1, 2)]]",,,,,,,,,,,,,,,,,,
31,0111011,"['Rx', [0.0], [Fraction(-1, 1)]]","['Ry', [1.0], [Fraction(1, 2)]]","['Rx', [1.0], [Fraction(1, 1)]]","['Ry', [2.0], [Fraction(1, 2)]]","['Rx', [2.0], [Fraction(1, 1)]]","['Ry', [4.0], [Fraction(1, 2)]]","['Rx', [4.0], [Fraction(1, 1)]]","['Ry', [5.0], [Fraction(1, 2)]]","['Rx', [5.0], [Fraction(1, 1)]]","['Ry', [6.0], [Fraction(1, 2)]]","['Rx', [6.0], [Fraction(1, 1)]]","['CZ', [6.0, 0.0], []]","['Ry', [0.0], [Fraction(-1, 1)]]","['Rx', [0.0], [Fraction(-1, 1)]]","['CZ', [5.0, 0.0], []]","['Ry', [0.0], [Fraction(-1, 1)]]","['Rx', [0.0], [Fraction(-1, 1)]]","['CZ', [4.0, 0.0], []]","['Ry', [0.0], [Fraction(-1, 1)]]","['Rx', [0.0], [Fraction(-1, 1)]]","['CZ', [2.0, 0.0], []]","['Ry', [0.0], [Fraction(-1, 1)]]","['Rx', [0.0], [Fraction(-1, 1)]]","['CZ', [1.0, 0.0], []]","['Ry', [0.0], [Fraction(-1, 1)]]","['Rx', [0.0], [Fraction(-1, 1)]]","['Ry', [1.0], [Fraction(1, 2)]]","['Ry', [2.0], [Fraction(1, 2)]]","['Ry', [4.0], [Fraction(1, 2)]]","['Ry', [5.0], [Fraction(1, 2)]]","['Ry', [6.0], [Fraction(1, 2)]]",,,,,,,,,,,,
25,0111100,"['Rx', [0.0], [Fraction(-1, 1)]]","['Ry', [3.0], [Fraction(1, 2)]]","['Rx', [3.0], [Fraction(1, 1)]]","['Ry', [4.0], [Fraction(1, 2)]]","['Rx', [4.0], [Fraction(1, 1)]]","['Ry', [5.0], [Fraction(1, 2)]]","['Rx', [5.0], [Fraction(1, 1)]]","['Ry', [6.0], [Fraction(1, 2)]]","['Rx', [6.0], [Fraction(1, 1)]]","['CZ', [6.0, 0.0], []]","['Ry', [0.0], [Fraction(-1, 1)]]","['Rx', [0.0], [Fraction(-1, 1)]]","['CZ', [5.0, 0.0], []]","['Ry', [0.0], [Fraction(-1, 1)]]","['Rx', [0.0], [Fraction(-1, 1)]]","['CZ', [4.0, 0.0], []]","['Ry', [0.0], [Fraction(-1, 1)]]","['Rx', [0.0], [Fraction(-1, 1)]]","['CZ', [3.0, 0.0], []]","['Ry', [0.0], [Fraction(-1, 1)]]","['Rx', [0.0], [Fraction(-1, 1)]]","['Ry', [3.0], [Fraction(1, 2)]]","['Ry', [4.0], [Fraction(1, 2)]]","['Ry', [5.0], [Fraction(1, 2)]]","['Ry', [6.0], [Fraction(1, 2)]]",,,,,,,,,,,,,,,,,,
31,0111101,"['Rx', [0.0], [Fraction(-1, 1)]]","['Ry', [1.0], [Fraction(1, 2)]]","['Rx', [1.0], [Fraction(1, 1)]]","['Ry', [3.0], [Fraction(1, 2)]]","['Rx', [3.0], [Fraction(1, 1)]]","['Ry', [4.0], [Fraction(1, 2)]]","['Rx', [4.0], [Fraction(1, 1)]]","['Ry', [5.0], [Fraction(1, 2)]]","['Rx', [5.0], [Fraction(1, 1)]]","['Ry', [6.0], [Fraction(1, 2)]]","['Rx', [6.0], [Fraction(1, 1)]]","['CZ', [6.0, 0.0], []]","['Ry', [0.0], [Fraction(-1, 1)]]","['Rx', [0.0], [Fraction(-1, 1)]]","['CZ', [5.0, 0.0], []]","['Ry', [0.0], [Fraction(-1, 1)]]","['Rx', [0.0], [Fraction(-1, 1)]]","['CZ', [4.0, 0.0], []]","['Ry', [0.0], [Fraction(-1, 1)]]","['Rx', [0.0], [Fraction(-1, 1)]]","['CZ', [3.0, 0.0], []]","['Ry', [0.0], [Fraction(-1, 1)]]","['Rx', [0.0], [Fraction(-1, 1)]]","['CZ', [1.0, 0.0], []]","['Ry', [0.0], [Fraction(-1, 1)]]","['Rx', [0.0], [Fraction(-1, 1)]]","['Ry', [1.0], [Fraction(1, 2)]]","['Ry', [3.0], [Fraction(1, 2)]]","['Ry', [4.0], [Fraction(1, 2)]]","['Ry', [5.0], [Fraction(1, 2)]]","['Ry', [6.0], [Fraction(1, 2)]]",,,,,,,,,,,,
31,0111110,"['Rx', [0.0], [Fraction(-1, 1)]]","['Ry', [2.0], [Fraction(1, 2)]]","['Rx', [2.0], [Fraction(1, 1)]]","['Ry', [3.0], [Fraction(1, 2)]]","['Rx', [3.0], [Fraction(1, 1)]]","['Ry', [4.0], [Fraction(1, 2)]]","['Rx', [4.0], [Fraction(1, 1)]]","['Ry', [5.0], [Fraction(1, 2)]]","['Rx', [5.0], [Fraction(1, 1)]]","['Ry', [6.0], [Fraction(1, 2)]]","['Rx', [6.0], [Fraction(1, 1)]]","['CZ', [6.0, 0.0], []]","['Ry', [0.0], [Fraction(-1, 1)]]","['Rx', [0.0], [Fraction(-1, 1)]]","['CZ', [5.0, 0.0], []]","['Ry', [0.0], [Fraction(-1, 1)]]","['Rx', [0.0], [Fraction(-1, 1)]]","['CZ', [4.0, 0.0], []]","['Ry', [0.0], [Fraction(-1, 1)]]","['Rx', [0.0], [Fraction(-1, 1)]]","['CZ', [3.0, 0.0], []]","['Ry', [0.0], [Fraction(-1, 1)]]","['Rx', [0.0], [Fraction(-1, 1)]]","['CZ', [2.0, 0.0], []]","['Ry', [0.0], [Fraction(-1, 1)]]","['Rx', [0.0], [Fraction(-1, 1)]]","['Ry', [2.0], [Fraction(1, 2)]]","['Ry', [3.0], [Fraction(1, 2)]]","['Ry', [4.0], [Fraction(1, 2)]]","['Ry', [5.0], [Fraction(1, 2)]]","['Ry', [6.0], [Fraction(1, 2)]]",,,,,,,,,,,,
37,0111111,"['Rx', [0.0], [Fraction(-1, 1)]]","['Ry', [1.0], [Fraction(1, 2)]]","['Rx', [1.0], [Fraction(1, 1)]]","['Ry', [2.0], [Fraction(1, 2)]]","['Rx', [2.0], [Fraction(1, 1)]]","['Ry', [3.0], [Fraction(1, 2)]]","['Rx', [3.0], [Fraction(1, 1)]]","['Ry', [4.0], [Fraction(1, 2)]]","['Rx', [4.0], [Fraction(1, 1)]]","['Ry', [5.0], [Fraction(1, 2)]]","['Rx', [5.0], [Fraction(1, 1)]]","['Ry', [6.0], [Fraction(1, 2)]]","['Rx', [6.0], [Fraction(1, 1)]]","['CZ', [6.0, 0.0], []]","['Ry', [0.0], [Fraction(-1, 1)]]","['Rx', [0.0], [Fraction(-1, 1)]]","['CZ', [5.0, 0.0], []]","['Ry', [0.0], [Fraction(-1, 1)]]","['Rx', [0.0], [Fraction(-1, 1)]]","['CZ', [4.0, 0.0], []]","['Ry', [0.0], [Fraction(-1, 1)]]","['Rx', [0.0], [Fraction(-1, 1)]]","['CZ', [3.0, 0.0], []]","['Ry', [0.0], [Fraction(-1, 1)]]","['Rx', [0.0], [Fraction(-1, 1)]]","['CZ', [2.0, 0.0], []]","['Ry', [0.0], [Fraction(-1, 1)]]","['Rx', [0.0], [Fraction(-1, 1)]]","['CZ', [1.0, 0.0], []]","['Ry', [0.0], [Fraction(-1, 1)]]","['Rx', [0.0], [Fraction(-1, 1)]]","['Ry', [1.0], [Fraction(1, 2)]]","['Ry', [2.0], [Fraction(1, 2)]]","['Ry', [3.0], [Fraction(1, 2)]]","['Ry', [4.0], [Fraction(1, 2)]]","['Ry', [5.0], [Fraction(1, 2)]]","['Ry', [6.0], [Fraction(1, 2)]]",,,,,,
7,1000000,"['Rx', [0.0], [Fraction(-1, 1)]]","['Ry', [7.0], [Fraction(1, 2)]]","['Rx', [7.0], [Fraction(1, 1)]]","['CZ', [7.0, 0.0], []]","['Ry', [0.0], [Fraction(-1, 1)]]","['Rx', [0.0], [Fraction(-1, 1)]]","['Ry', [7.0], [Fraction(1, 2)]]",,,,,,,,,,,,,,,,,,,,,,,,,,,,,,,,,,,,
13,1000001,"['Rx', [0.0], [Fraction(-1, 1)]]","['Ry', [1.0], [Fraction(1, 2)]]","['Rx', [1.0], [Fraction(1, 1)]]","['Ry', [7.0], [Fraction(1, 2)]]","['Rx', [7.0], [Fraction(1, 1)]]","['CZ', [7.0, 0.0], []]","['Ry', [0.0], [Fraction(-1, 1)]]","['Rx', [0.0], [Fraction(-1, 1)]]","['CZ', [1.0, 0.0], []]","['Ry', [0.0], [Fraction(-1, 1)]]","['Rx', [0.0], [Fraction(-1, 1)]]","['Ry', [1.0], [Fraction(1, 2)]]","['Ry', [7.0], [Fraction(1, 2)]]",,,,,,,,,,,,,,,,,,,,,,,,,,,,,,
13,1000010,"['Rx', [0.0], [Fraction(-1, 1)]]","['Ry', [2.0], [Fraction(1, 2)]]","['Rx', [2.0], [Fraction(1, 1)]]","['Ry', [7.0], [Fraction(1, 2)]]","['Rx', [7.0], [Fraction(1, 1)]]","['CZ', [7.0, 0.0], []]","['Ry', [0.0], [Fraction(-1, 1)]]","['Rx', [0.0], [Fraction(-1, 1)]]","['CZ', [2.0, 0.0], []]","['Ry', [0.0], [Fraction(-1, 1)]]","['Rx', [0.0], [Fraction(-1, 1)]]","['Ry', [2.0], [Fraction(1, 2)]]","['Ry', [7.0], [Fraction(1, 2)]]",,,,,,,,,,,,,,,,,,,,,,,,,,,,,,
19,1000011,"['Rx', [0.0], [Fraction(-1, 1)]]","['Ry', [1.0], [Fraction(1, 2)]]","['Rx', [1.0], [Fraction(1, 1)]]","['Ry', [2.0], [Fraction(1, 2)]]","['Rx', [2.0], [Fraction(1, 1)]]","['Ry', [7.0], [Fraction(1, 2)]]","['Rx', [7.0], [Fraction(1, 1)]]","['CZ', [7.0, 0.0], []]","['Ry', [0.0], [Fraction(-1, 1)]]","['Rx', [0.0], [Fraction(-1, 1)]]","['CZ', [2.0, 0.0], []]","['Ry', [0.0], [Fraction(-1, 1)]]","['Rx', [0.0], [Fraction(-1, 1)]]","['CZ', [1.0, 0.0], []]","['Ry', [0.0], [Fraction(-1, 1)]]","['Rx', [0.0], [Fraction(-1, 1)]]","['Ry', [1.0], [Fraction(1, 2)]]","['Ry', [2.0], [Fraction(1, 2)]]","['Ry', [7.0], [Fraction(1, 2)]]",,,,,,,,,,,,,,,,,,,,,,,,
13,1000100,"['Rx', [0.0], [Fraction(-1, 1)]]","['Ry', [3.0], [Fraction(1, 2)]]","['Rx', [3.0], [Fraction(1, 1)]]","['Ry', [7.0], [Fraction(1, 2)]]","['Rx', [7.0], [Fraction(1, 1)]]","['CZ', [7.0, 0.0], []]","['Ry', [0.0], [Fraction(-1, 1)]]","['Rx', [0.0], [Fraction(-1, 1)]]","['CZ', [3.0, 0.0], []]","['Ry', [0.0], [Fraction(-1, 1)]]","['Rx', [0.0], [Fraction(-1, 1)]]","['Ry', [3.0], [Fraction(1, 2)]]","['Ry', [7.0], [Fraction(1, 2)]]",,,,,,,,,,,,,,,,,,,,,,,,,,,,,,
19,1000101,"['Rx', [0.0], [Fraction(-1, 1)]]","['Ry', [1.0], [Fraction(1, 2)]]","['Rx', [1.0], [Fraction(1, 1)]]","['Ry', [3.0], [Fraction(1, 2)]]","['Rx', [3.0], [Fraction(1, 1)]]","['Ry', [7.0], [Fraction(1, 2)]]","['Rx', [7.0], [Fraction(1, 1)]]","['CZ', [7.0, 0.0], []]","['Ry', [0.0], [Fraction(-1, 1)]]","['Rx', [0.0], [Fraction(-1, 1)]]","['CZ', [3.0, 0.0], []]","['Ry', [0.0], [Fraction(-1, 1)]]","['Rx', [0.0], [Fraction(-1, 1)]]","['CZ', [1.0, 0.0], []]","['Ry', [0.0], [Fraction(-1, 1)]]","['Rx', [0.0], [Fraction(-1, 1)]]","['Ry', [1.0], [Fraction(1, 2)]]","['Ry', [3.0], [Fraction(1, 2)]]","['Ry', [7.0], [Fraction(1, 2)]]",,,,,,,,,,,,,,,,,,,,,,,,
19,1000110,"['Rx', [0.0], [Fraction(-1, 1)]]","['Ry', [2.0], [Fraction(1, 2)]]","['Rx', [2.0], [Fraction(1, 1)]]","['Ry', [3.0], [Fraction(1, 2)]]","['Rx', [3.0], [Fraction(1, 1)]]","['Ry', [7.0], [Fraction(1, 2)]]","['Rx', [7.0], [Fraction(1, 1)]]","['CZ', [7.0, 0.0], []]","['Ry', [0.0], [Fraction(-1, 1)]]","['Rx', [0.0], [Fraction(-1, 1)]]","['CZ', [3.0, 0.0], []]","['Ry', [0.0], [Fraction(-1, 1)]]","['Rx', [0.0], [Fraction(-1, 1)]]","['CZ', [2.0, 0.0], []]","['Ry', [0.0], [Fraction(-1, 1)]]","['Rx', [0.0], [Fraction(-1, 1)]]","['Ry', [2.0], [Fraction(1, 2)]]","['Ry', [3.0], [Fraction(1, 2)]]","['Ry', [7.0], [Fraction(1, 2)]]",,,,,,,,,,,,,,,,,,,,,,,,
25,1000111,"['Rx', [0.0], [Fraction(-1, 1)]]","['Ry', [1.0], [Fraction(1, 2)]]","['Rx', [1.0], [Fraction(1, 1)]]","['Ry', [2.0], [Fraction(1, 2)]]","['Rx', [2.0], [Fraction(1, 1)]]","['Ry', [3.0], [Fraction(1, 2)]]","['Rx', [3.0], [Fraction(1, 1)]]","['Ry', [7.0], [Fraction(1, 2)]]","['Rx', [7.0], [Fraction(1, 1)]]","['CZ', [7.0, 0.0], []]","['Ry', [0.0], [Fraction(-1, 1)]]","['Rx', [0.0], [Fraction(-1, 1)]]","['CZ', [3.0, 0.0], []]","['Ry', [0.0], [Fraction(-1, 1)]]","['Rx', [0.0], [Fraction(-1, 1)]]","['CZ', [2.0, 0.0], []]","['Ry', [0.0], [Fraction(-1, 1)]]","['Rx', [0.0], [Fraction(-1, 1)]]","['CZ', [1.0, 0.0], []]","['Ry', [0.0], [Fraction(-1, 1)]]","['Rx', [0.0], [Fraction(-1, 1)]]","['Ry', [1.0], [Fraction(1, 2)]]","['Ry', [2.0], [Fraction(1, 2)]]","['Ry', [3.0], [Fraction(1, 2)]]","['Ry', [7.0], [Fraction(1, 2)]]",,,,,,,,,,,,,,,,,,
13,1001000,"['Rx', [0.0], [Fraction(-1, 1)]]","['Ry', [4.0], [Fraction(1, 2)]]","['Rx', [4.0], [Fraction(1, 1)]]","['Ry', [7.0], [Fraction(1, 2)]]","['Rx', [7.0], [Fraction(1, 1)]]","['CZ', [7.0, 0.0], []]","['Ry', [0.0], [Fraction(-1, 1)]]","['Rx', [0.0], [Fraction(-1, 1)]]","['CZ', [4.0, 0.0], []]","['Ry', [0.0], [Fraction(-1, 1)]]","['Rx', [0.0], [Fraction(-1, 1)]]","['Ry', [4.0], [Fraction(1, 2)]]","['Ry', [7.0], [Fraction(1, 2)]]",,,,,,,,,,,,,,,,,,,,,,,,,,,,,,
19,1001001,"['Rx', [0.0], [Fraction(-1, 1)]]","['Ry', [1.0], [Fraction(1, 2)]]","['Rx', [1.0], [Fraction(1, 1)]]","['Ry', [4.0], [Fraction(1, 2)]]","['Rx', [4.0], [Fraction(1, 1)]]","['Ry', [7.0], [Fraction(1, 2)]]","['Rx', [7.0], [Fraction(1, 1)]]","['CZ', [7.0, 0.0], []]","['Ry', [0.0], [Fraction(-1, 1)]]","['Rx', [0.0], [Fraction(-1, 1)]]","['CZ', [4.0, 0.0], []]","['Ry', [0.0], [Fraction(-1, 1)]]","['Rx', [0.0], [Fraction(-1, 1)]]","['CZ', [1.0, 0.0], []]","['Ry', [0.0], [Fraction(-1, 1)]]","['Rx', [0.0], [Fraction(-1, 1)]]","['Ry', [1.0], [Fraction(1, 2)]]","['Ry', [4.0], [Fraction(1, 2)]]","['Ry', [7.0], [Fraction(1, 2)]]",,,,,,,,,,,,,,,,,,,,,,,,
19,1001010,"['Rx', [0.0], [Fraction(-1, 1)]]","['Ry', [2.0], [Fraction(1, 2)]]","['Rx', [2.0], [Fraction(1, 1)]]","['Ry', [4.0], [Fraction(1, 2)]]","['Rx', [4.0], [Fraction(1, 1)]]","['Ry', [7.0], [Fraction(1, 2)]]","['Rx', [7.0], [Fraction(1, 1)]]","['CZ', [7.0, 0.0], []]","['Ry', [0.0], [Fraction(-1, 1)]]","['Rx', [0.0], [Fraction(-1, 1)]]","['CZ', [4.0, 0.0], []]","['Ry', [0.0], [Fraction(-1, 1)]]","['Rx', [0.0], [Fraction(-1, 1)]]","['CZ', [2.0, 0.0], []]","['Ry', [0.0], [Fraction(-1, 1)]]","['Rx', [0.0], [Fraction(-1, 1)]]","['Ry', [2.0], [Fraction(1, 2)]]","['Ry', [4.0], [Fraction(1, 2)]]","['Ry', [7.0], [Fraction(1, 2)]]",,,,,,,,,,,,,,,,,,,,,,,,
25,1001011,"['Rx', [0.0], [Fraction(-1, 1)]]","['Ry', [1.0], [Fraction(1, 2)]]","['Rx', [1.0], [Fraction(1, 1)]]","['Ry', [2.0], [Fraction(1, 2)]]","['Rx', [2.0], [Fraction(1, 1)]]","['Ry', [4.0], [Fraction(1, 2)]]","['Rx', [4.0], [Fraction(1, 1)]]","['Ry', [7.0], [Fraction(1, 2)]]","['Rx', [7.0], [Fraction(1, 1)]]","['CZ', [7.0, 0.0], []]","['Ry', [0.0], [Fraction(-1, 1)]]","['Rx', [0.0], [Fraction(-1, 1)]]","['CZ', [4.0, 0.0], []]","['Ry', [0.0], [Fraction(-1, 1)]]","['Rx', [0.0], [Fraction(-1, 1)]]","['CZ', [2.0, 0.0], []]","['Ry', [0.0], [Fraction(-1, 1)]]","['Rx', [0.0], [Fraction(-1, 1)]]","['CZ', [1.0, 0.0], []]","['Ry', [0.0], [Fraction(-1, 1)]]","['Rx', [0.0], [Fraction(-1, 1)]]","['Ry', [1.0], [Fraction(1, 2)]]","['Ry', [2.0], [Fraction(1, 2)]]","['Ry', [4.0], [Fraction(1, 2)]]","['Ry', [7.0], [Fraction(1, 2)]]",,,,,,,,,,,,,,,,,,
19,1001100,"['Rx', [0.0], [Fraction(-1, 1)]]","['Ry', [3.0], [Fraction(1, 2)]]","['Rx', [3.0], [Fraction(1, 1)]]","['Ry', [4.0], [Fraction(1, 2)]]","['Rx', [4.0], [Fraction(1, 1)]]","['Ry', [7.0], [Fraction(1, 2)]]","['Rx', [7.0], [Fraction(1, 1)]]","['CZ', [7.0, 0.0], []]","['Ry', [0.0], [Fraction(-1, 1)]]","['Rx', [0.0], [Fraction(-1, 1)]]","['CZ', [4.0, 0.0], []]","['Ry', [0.0], [Fraction(-1, 1)]]","['Rx', [0.0], [Fraction(-1, 1)]]","['CZ', [3.0, 0.0], []]","['Ry', [0.0], [Fraction(-1, 1)]]","['Rx', [0.0], [Fraction(-1, 1)]]","['Ry', [3.0], [Fraction(1, 2)]]","['Ry', [4.0], [Fraction(1, 2)]]","['Ry', [7.0], [Fraction(1, 2)]]",,,,,,,,,,,,,,,,,,,,,,,,
25,1001101,"['Rx', [0.0], [Fraction(-1, 1)]]","['Ry', [1.0], [Fraction(1, 2)]]","['Rx', [1.0], [Fraction(1, 1)]]","['Ry', [3.0], [Fraction(1, 2)]]","['Rx', [3.0], [Fraction(1, 1)]]","['Ry', [4.0], [Fraction(1, 2)]]","['Rx', [4.0], [Fraction(1, 1)]]","['Ry', [7.0], [Fraction(1, 2)]]","['Rx', [7.0], [Fraction(1, 1)]]","['CZ', [7.0, 0.0], []]","['Ry', [0.0], [Fraction(-1, 1)]]","['Rx', [0.0], [Fraction(-1, 1)]]","['CZ', [4.0, 0.0], []]","['Ry', [0.0], [Fraction(-1, 1)]]","['Rx', [0.0], [Fraction(-1, 1)]]","['CZ', [3.0, 0.0], []]","['Ry', [0.0], [Fraction(-1, 1)]]","['Rx', [0.0], [Fraction(-1, 1)]]","['CZ', [1.0, 0.0], []]","['Ry', [0.0], [Fraction(-1, 1)]]","['Rx', [0.0], [Fraction(-1, 1)]]","['Ry', [1.0], [Fraction(1, 2)]]","['Ry', [3.0], [Fraction(1, 2)]]","['Ry', [4.0], [Fraction(1, 2)]]","['Ry', [7.0], [Fraction(1, 2)]]",,,,,,,,,,,,,,,,,,
25,1001110,"['Rx', [0.0], [Fraction(-1, 1)]]","['Ry', [2.0], [Fraction(1, 2)]]","['Rx', [2.0], [Fraction(1, 1)]]","['Ry', [3.0], [Fraction(1, 2)]]","['Rx', [3.0], [Fraction(1, 1)]]","['Ry', [4.0], [Fraction(1, 2)]]","['Rx', [4.0], [Fraction(1, 1)]]","['Ry', [7.0], [Fraction(1, 2)]]","['Rx', [7.0], [Fraction(1, 1)]]","['CZ', [7.0, 0.0], []]","['Ry', [0.0], [Fraction(-1, 1)]]","['Rx', [0.0], [Fraction(-1, 1)]]","['CZ', [4.0, 0.0], []]","['Ry', [0.0], [Fraction(-1, 1)]]","['Rx', [0.0], [Fraction(-1, 1)]]","['CZ', [3.0, 0.0], []]","['Ry', [0.0], [Fraction(-1, 1)]]","['Rx', [0.0], [Fraction(-1, 1)]]","['CZ', [2.0, 0.0], []]","['Ry', [0.0], [Fraction(-1, 1)]]","['Rx', [0.0], [Fraction(-1, 1)]]","['Ry', [2.0], [Fraction(1, 2)]]","['Ry', [3.0], [Fraction(1, 2)]]","['Ry', [4.0], [Fraction(1, 2)]]","['Ry', [7.0], [Fraction(1, 2)]]",,,,,,,,,,,,,,,,,,
31,1001111,"['Rx', [0.0], [Fraction(-1, 1)]]","['Ry', [1.0], [Fraction(1, 2)]]","['Rx', [1.0], [Fraction(1, 1)]]","['Ry', [2.0], [Fraction(1, 2)]]","['Rx', [2.0], [Fraction(1, 1)]]","['Ry', [3.0], [Fraction(1, 2)]]","['Rx', [3.0], [Fraction(1, 1)]]","['Ry', [4.0], [Fraction(1, 2)]]","['Rx', [4.0], [Fraction(1, 1)]]","['Ry', [7.0], [Fraction(1, 2)]]","['Rx', [7.0], [Fraction(1, 1)]]","['CZ', [7.0, 0.0], []]","['Ry', [0.0], [Fraction(-1, 1)]]","['Rx', [0.0], [Fraction(-1, 1)]]","['CZ', [4.0, 0.0], []]","['Ry', [0.0], [Fraction(-1, 1)]]","['Rx', [0.0], [Fraction(-1, 1)]]","['CZ', [3.0, 0.0], []]","['Ry', [0.0], [Fraction(-1, 1)]]","['Rx', [0.0], [Fraction(-1, 1)]]","['CZ', [2.0, 0.0], []]","['Ry', [0.0], [Fraction(-1, 1)]]","['Rx', [0.0], [Fraction(-1, 1)]]","['CZ', [1.0, 0.0], []]","['Ry', [0.0], [Fraction(-1, 1)]]","['Rx', [0.0], [Fraction(-1, 1)]]","['Ry', [1.0], [Fraction(1, 2)]]","['Ry', [2.0], [Fraction(1, 2)]]","['Ry', [3.0], [Fraction(1, 2)]]","['Ry', [4.0], [Fraction(1, 2)]]","['Ry', [7.0], [Fraction(1, 2)]]",,,,,,,,,,,,
13,1010000,"['Rx', [0.0], [Fraction(-1, 1)]]","['Ry', [5.0], [Fraction(1, 2)]]","['Rx', [5.0], [Fraction(1, 1)]]","['Ry', [7.0], [Fraction(1, 2)]]","['Rx', [7.0], [Fraction(1, 1)]]","['CZ', [7.0, 0.0], []]","['Ry', [0.0], [Fraction(-1, 1)]]","['Rx', [0.0], [Fraction(-1, 1)]]","['CZ', [5.0, 0.0], []]","['Ry', [0.0], [Fraction(-1, 1)]]","['Rx', [0.0], [Fraction(-1, 1)]]","['Ry', [5.0], [Fraction(1, 2)]]","['Ry', [7.0], [Fraction(1, 2)]]",,,,,,,,,,,,,,,,,,,,,,,,,,,,,,
19,1010001,"['Rx', [0.0], [Fraction(-1, 1)]]","['Ry', [1.0], [Fraction(1, 2)]]","['Rx', [1.0], [Fraction(1, 1)]]","['Ry', [5.0], [Fraction(1, 2)]]","['Rx', [5.0], [Fraction(1, 1)]]","['Ry', [7.0], [Fraction(1, 2)]]","['Rx', [7.0], [Fraction(1, 1)]]","['CZ', [7.0, 0.0], []]","['Ry', [0.0], [Fraction(-1, 1)]]","['Rx', [0.0], [Fraction(-1, 1)]]","['CZ', [5.0, 0.0], []]","['Ry', [0.0], [Fraction(-1, 1)]]","['Rx', [0.0], [Fraction(-1, 1)]]","['CZ', [1.0, 0.0], []]","['Ry', [0.0], [Fraction(-1, 1)]]","['Rx', [0.0], [Fraction(-1, 1)]]","['Ry', [1.0], [Fraction(1, 2)]]","['Ry', [5.0], [Fraction(1, 2)]]","['Ry', [7.0], [Fraction(1, 2)]]",,,,,,,,,,,,,,,,,,,,,,,,
19,1010010,"['Rx', [0.0], [Fraction(-1, 1)]]","['Ry', [2.0], [Fraction(1, 2)]]","['Rx', [2.0], [Fraction(1, 1)]]","['Ry', [5.0], [Fraction(1, 2)]]","['Rx', [5.0], [Fraction(1, 1)]]","['Ry', [7.0], [Fraction(1, 2)]]","['Rx', [7.0], [Fraction(1, 1)]]","['CZ', [7.0, 0.0], []]","['Ry', [0.0], [Fraction(-1, 1)]]","['Rx', [0.0], [Fraction(-1, 1)]]","['CZ', [5.0, 0.0], []]","['Ry', [0.0], [Fraction(-1, 1)]]","['Rx', [0.0], [Fraction(-1, 1)]]","['CZ', [2.0, 0.0], []]","['Ry', [0.0], [Fraction(-1, 1)]]","['Rx', [0.0], [Fraction(-1, 1)]]","['Ry', [2.0], [Fraction(1, 2)]]","['Ry', [5.0], [Fraction(1, 2)]]","['Ry', [7.0], [Fraction(1, 2)]]",,,,,,,,,,,,,,,,,,,,,,,,
25,1010011,"['Rx', [0.0], [Fraction(-1, 1)]]","['Ry', [1.0], [Fraction(1, 2)]]","['Rx', [1.0], [Fraction(1, 1)]]","['Ry', [2.0], [Fraction(1, 2)]]","['Rx', [2.0], [Fraction(1, 1)]]","['Ry', [5.0], [Fraction(1, 2)]]","['Rx', [5.0], [Fraction(1, 1)]]","['Ry', [7.0], [Fraction(1, 2)]]","['Rx', [7.0], [Fraction(1, 1)]]","['CZ', [7.0, 0.0], []]","['Ry', [0.0], [Fraction(-1, 1)]]","['Rx', [0.0], [Fraction(-1, 1)]]","['CZ', [5.0, 0.0], []]","['Ry', [0.0], [Fraction(-1, 1)]]","['Rx', [0.0], [Fraction(-1, 1)]]","['CZ', [2.0, 0.0], []]","['Ry', [0.0], [Fraction(-1, 1)]]","['Rx', [0.0], [Fraction(-1, 1)]]","['CZ', [1.0, 0.0], []]","['Ry', [0.0], [Fraction(-1, 1)]]","['Rx', [0.0], [Fraction(-1, 1)]]","['Ry', [1.0], [Fraction(1, 2)]]","['Ry', [2.0], [Fraction(1, 2)]]","['Ry', [5.0], [Fraction(1, 2)]]","['Ry', [7.0], [Fraction(1, 2)]]",,,,,,,,,,,,,,,,,,
19,1010100,"['Rx', [0.0], [Fraction(-1, 1)]]","['Ry', [3.0], [Fraction(1, 2)]]","['Rx', [3.0], [Fraction(1, 1)]]","['Ry', [5.0], [Fraction(1, 2)]]","['Rx', [5.0], [Fraction(1, 1)]]","['Ry', [7.0], [Fraction(1, 2)]]","['Rx', [7.0], [Fraction(1, 1)]]","['CZ', [7.0, 0.0], []]","['Ry', [0.0], [Fraction(-1, 1)]]","['Rx', [0.0], [Fraction(-1, 1)]]","['CZ', [5.0, 0.0], []]","['Ry', [0.0], [Fraction(-1, 1)]]","['Rx', [0.0], [Fraction(-1, 1)]]","['CZ', [3.0, 0.0], []]","['Ry', [0.0], [Fraction(-1, 1)]]","['Rx', [0.0], [Fraction(-1, 1)]]","['Ry', [3.0], [Fraction(1, 2)]]","['Ry', [5.0], [Fraction(1, 2)]]","['Ry', [7.0], [Fraction(1, 2)]]",,,,,,,,,,,,,,,,,,,,,,,,
25,1010101,"['Rx', [0.0], [Fraction(-1, 1)]]","['Ry', [1.0], [Fraction(1, 2)]]","['Rx', [1.0], [Fraction(1, 1)]]","['Ry', [3.0], [Fraction(1, 2)]]","['Rx', [3.0], [Fraction(1, 1)]]","['Ry', [5.0], [Fraction(1, 2)]]","['Rx', [5.0], [Fraction(1, 1)]]","['Ry', [7.0], [Fraction(1, 2)]]","['Rx', [7.0], [Fraction(1, 1)]]","['CZ', [7.0, 0.0], []]","['Ry', [0.0], [Fraction(-1, 1)]]","['Rx', [0.0], [Fraction(-1, 1)]]","['CZ', [5.0, 0.0], []]","['Ry', [0.0], [Fraction(-1, 1)]]","['Rx', [0.0], [Fraction(-1, 1)]]","['CZ', [3.0, 0.0], []]","['Ry', [0.0], [Fraction(-1, 1)]]","['Rx', [0.0], [Fraction(-1, 1)]]","['CZ', [1.0, 0.0], []]","['Ry', [0.0], [Fraction(-1, 1)]]","['Rx', [0.0], [Fraction(-1, 1)]]","['Ry', [1.0], [Fraction(1, 2)]]","['Ry', [3.0], [Fraction(1, 2)]]","['Ry', [5.0], [Fraction(1, 2)]]","['Ry', [7.0], [Fraction(1, 2)]]",,,,,,,,,,,,,,,,,,
25,1010110,"['Rx', [0.0], [Fraction(-1, 1)]]","['Ry', [2.0], [Fraction(1, 2)]]","['Rx', [2.0], [Fraction(1, 1)]]","['Ry', [3.0], [Fraction(1, 2)]]","['Rx', [3.0], [Fraction(1, 1)]]","['Ry', [5.0], [Fraction(1, 2)]]","['Rx', [5.0], [Fraction(1, 1)]]","['Ry', [7.0], [Fraction(1, 2)]]","['Rx', [7.0], [Fraction(1, 1)]]","['CZ', [7.0, 0.0], []]","['Ry', [0.0], [Fraction(-1, 1)]]","['Rx', [0.0], [Fraction(-1, 1)]]","['CZ', [5.0, 0.0], []]","['Ry', [0.0], [Fraction(-1, 1)]]","['Rx', [0.0], [Fraction(-1, 1)]]","['CZ', [3.0, 0.0], []]","['Ry', [0.0], [Fraction(-1, 1)]]","['Rx', [0.0], [Fraction(-1, 1)]]","['CZ', [2.0, 0.0], []]","['Ry', [0.0], [Fraction(-1, 1)]]","['Rx', [0.0], [Fraction(-1, 1)]]","['Ry', [2.0], [Fraction(1, 2)]]","['Ry', [3.0], [Fraction(1, 2)]]","['Ry', [5.0], [Fraction(1, 2)]]","['Ry', [7.0], [Fraction(1, 2)]]",,,,,,,,,,,,,,,,,,
31,1010111,"['Rx', [0.0], [Fraction(-1, 1)]]","['Ry', [1.0], [Fraction(1, 2)]]","['Rx', [1.0], [Fraction(1, 1)]]","['Ry', [2.0], [Fraction(1, 2)]]","['Rx', [2.0], [Fraction(1, 1)]]","['Ry', [3.0], [Fraction(1, 2)]]","['Rx', [3.0], [Fraction(1, 1)]]","['Ry', [5.0], [Fraction(1, 2)]]","['Rx', [5.0], [Fraction(1, 1)]]","['Ry', [7.0], [Fraction(1, 2)]]","['Rx', [7.0], [Fraction(1, 1)]]","['CZ', [7.0, 0.0], []]","['Ry', [0.0], [Fraction(-1, 1)]]","['Rx', [0.0], [Fraction(-1, 1)]]","['CZ', [5.0, 0.0], []]","['Ry', [0.0], [Fraction(-1, 1)]]","['Rx', [0.0], [Fraction(-1, 1)]]","['CZ', [3.0, 0.0], []]","['Ry', [0.0], [Fraction(-1, 1)]]","['Rx', [0.0], [Fraction(-1, 1)]]","['CZ', [2.0, 0.0], []]","['Ry', [0.0], [Fraction(-1, 1)]]","['Rx', [0.0], [Fraction(-1, 1)]]","['CZ', [1.0, 0.0], []]","['Ry', [0.0], [Fraction(-1, 1)]]","['Rx', [0.0], [Fraction(-1, 1)]]","['Ry', [1.0], [Fraction(1, 2)]]","['Ry', [2.0], [Fraction(1, 2)]]","['Ry', [3.0], [Fraction(1, 2)]]","['Ry', [5.0], [Fraction(1, 2)]]","['Ry', [7.0], [Fraction(1, 2)]]",,,,,,,,,,,,
19,1011000,"['Rx', [0.0], [Fraction(-1, 1)]]","['Ry', [4.0], [Fraction(1, 2)]]","['Rx', [4.0], [Fraction(1, 1)]]","['Ry', [5.0], [Fraction(1, 2)]]","['Rx', [5.0], [Fraction(1, 1)]]","['Ry', [7.0], [Fraction(1, 2)]]","['Rx', [7.0], [Fraction(1, 1)]]","['CZ', [7.0, 0.0], []]","['Ry', [0.0], [Fraction(-1, 1)]]","['Rx', [0.0], [Fraction(-1, 1)]]","['CZ', [5.0, 0.0], []]","['Ry', [0.0], [Fraction(-1, 1)]]","['Rx', [0.0], [Fraction(-1, 1)]]","['CZ', [4.0, 0.0], []]","['Ry', [0.0], [Fraction(-1, 1)]]","['Rx', [0.0], [Fraction(-1, 1)]]","['Ry', [4.0], [Fraction(1, 2)]]","['Ry', [5.0], [Fraction(1, 2)]]","['Ry', [7.0], [Fraction(1, 2)]]",,,,,,,,,,,,,,,,,,,,,,,,
25,1011001,"['Rx', [0.0], [Fraction(-1, 1)]]","['Ry', [1.0], [Fraction(1, 2)]]","['Rx', [1.0], [Fraction(1, 1)]]","['Ry', [4.0], [Fraction(1, 2)]]","['Rx', [4.0], [Fraction(1, 1)]]","['Ry', [5.0], [Fraction(1, 2)]]","['Rx', [5.0], [Fraction(1, 1)]]","['Ry', [7.0], [Fraction(1, 2)]]","['Rx', [7.0], [Fraction(1, 1)]]","['CZ', [7.0, 0.0], []]","['Ry', [0.0], [Fraction(-1, 1)]]","['Rx', [0.0], [Fraction(-1, 1)]]","['CZ', [5.0, 0.0], []]","['Ry', [0.0], [Fraction(-1, 1)]]","['Rx', [0.0], [Fraction(-1, 1)]]","['CZ', [4.0, 0.0], []]","['Ry', [0.0], [Fraction(-1, 1)]]","['Rx', [0.0], [Fraction(-1, 1)]]","['CZ', [1.0, 0.0], []]","['Ry', [0.0], [Fraction(-1, 1)]]","['Rx', [0.0], [Fraction(-1, 1)]]","['Ry', [1.0], [Fraction(1, 2)]]","['Ry', [4.0], [Fraction(1, 2)]]","['Ry', [5.0], [Fraction(1, 2)]]","['Ry', [7.0], [Fraction(1, 2)]]",,,,,,,,,,,,,,,,,,
25,1011010,"['Rx', [0.0], [Fraction(-1, 1)]]","['Ry', [2.0], [Fraction(1, 2)]]","['Rx', [2.0], [Fraction(1, 1)]]","['Ry', [4.0], [Fraction(1, 2)]]","['Rx', [4.0], [Fraction(1, 1)]]","['Ry', [5.0], [Fraction(1, 2)]]","['Rx', [5.0], [Fraction(1, 1)]]","['Ry', [7.0], [Fraction(1, 2)]]","['Rx', [7.0], [Fraction(1, 1)]]","['CZ', [7.0, 0.0], []]","['Ry', [0.0], [Fraction(-1, 1)]]","['Rx', [0.0], [Fraction(-1, 1)]]","['CZ', [5.0, 0.0], []]","['Ry', [0.0], [Fraction(-1, 1)]]","['Rx', [0.0], [Fraction(-1, 1)]]","['CZ', [4.0, 0.0], []]","['Ry', [0.0], [Fraction(-1, 1)]]","['Rx', [0.0], [Fraction(-1, 1)]]","['CZ', [2.0, 0.0], []]","['Ry', [0.0], [Fraction(-1, 1)]]","['Rx', [0.0], [Fraction(-1, 1)]]","['Ry', [2.0], [Fraction(1, 2)]]","['Ry', [4.0], [Fraction(1, 2)]]","['Ry', [5.0], [Fraction(1, 2)]]","['Ry', [7.0], [Fraction(1, 2)]]",,,,,,,,,,,,,,,,,,
31,1011011,"['Rx', [0.0], [Fraction(-1, 1)]]","['Ry', [1.0], [Fraction(1, 2)]]","['Rx', [1.0], [Fraction(1, 1)]]","['Ry', [2.0], [Fraction(1, 2)]]","['Rx', [2.0], [Fraction(1, 1)]]","['Ry', [4.0], [Fraction(1, 2)]]","['Rx', [4.0], [Fraction(1, 1)]]","['Ry', [5.0], [Fraction(1, 2)]]","['Rx', [5.0], [Fraction(1, 1)]]","['Ry', [7.0], [Fraction(1, 2)]]","['Rx', [7.0], [Fraction(1, 1)]]","['CZ', [7.0, 0.0], []]","['Ry', [0.0], [Fraction(-1, 1)]]","['Rx', [0.0], [Fraction(-1, 1)]]","['CZ', [5.0, 0.0], []]","['Ry', [0.0], [Fraction(-1, 1)]]","['Rx', [0.0], [Fraction(-1, 1)]]","['CZ', [4.0, 0.0], []]","['Ry', [0.0], [Fraction(-1, 1)]]","['Rx', [0.0], [Fraction(-1, 1)]]","['CZ', [2.0, 0.0], []]","['Ry', [0.0], [Fraction(-1, 1)]]","['Rx', [0.0], [Fraction(-1, 1)]]","['CZ', [1.0, 0.0], []]","['Ry', [0.0], [Fraction(-1, 1)]]","['Rx', [0.0], [Fraction(-1, 1)]]","['Ry', [1.0], [Fraction(1, 2)]]","['Ry', [2.0], [Fraction(1, 2)]]","['Ry', [4.0], [Fraction(1, 2)]]","['Ry', [5.0], [Fraction(1, 2)]]","['Ry', [7.0], [Fraction(1, 2)]]",,,,,,,,,,,,
25,1011100,"['Rx', [0.0], [Fraction(-1, 1)]]","['Ry', [3.0], [Fraction(1, 2)]]","['Rx', [3.0], [Fraction(1, 1)]]","['Ry', [4.0], [Fraction(1, 2)]]","['Rx', [4.0], [Fraction(1, 1)]]","['Ry', [5.0], [Fraction(1, 2)]]","['Rx', [5.0], [Fraction(1, 1)]]","['Ry', [7.0], [Fraction(1, 2)]]","['Rx', [7.0], [Fraction(1, 1)]]","['CZ', [7.0, 0.0], []]","['Ry', [0.0], [Fraction(-1, 1)]]","['Rx', [0.0], [Fraction(-1, 1)]]","['CZ', [5.0, 0.0], []]","['Ry', [0.0], [Fraction(-1, 1)]]","['Rx', [0.0], [Fraction(-1, 1)]]","['CZ', [4.0, 0.0], []]","['Ry', [0.0], [Fraction(-1, 1)]]","['Rx', [0.0], [Fraction(-1, 1)]]","['CZ', [3.0, 0.0], []]","['Ry', [0.0], [Fraction(-1, 1)]]","['Rx', [0.0], [Fraction(-1, 1)]]","['Ry', [3.0], [Fraction(1, 2)]]","['Ry', [4.0], [Fraction(1, 2)]]","['Ry', [5.0], [Fraction(1, 2)]]","['Ry', [7.0], [Fraction(1, 2)]]",,,,,,,,,,,,,,,,,,
31,1011101,"['Rx', [0.0], [Fraction(-1, 1)]]","['Ry', [1.0], [Fraction(1, 2)]]","['Rx', [1.0], [Fraction(1, 1)]]","['Ry', [3.0], [Fraction(1, 2)]]","['Rx', [3.0], [Fraction(1, 1)]]","['Ry', [4.0], [Fraction(1, 2)]]","['Rx', [4.0], [Fraction(1, 1)]]","['Ry', [5.0], [Fraction(1, 2)]]","['Rx', [5.0], [Fraction(1, 1)]]","['Ry', [7.0], [Fraction(1, 2)]]","['Rx', [7.0], [Fraction(1, 1)]]","['CZ', [7.0, 0.0], []]","['Ry', [0.0], [Fraction(-1, 1)]]","['Rx', [0.0], [Fraction(-1, 1)]]","['CZ', [5.0, 0.0], []]","['Ry', [0.0], [Fraction(-1, 1)]]","['Rx', [0.0], [Fraction(-1, 1)]]","['CZ', [4.0, 0.0], []]","['Ry', [0.0], [Fraction(-1, 1)]]","['Rx', [0.0], [Fraction(-1, 1)]]","['CZ', [3.0, 0.0], []]","['Ry', [0.0], [Fraction(-1, 1)]]","['Rx', [0.0], [Fraction(-1, 1)]]","['CZ', [1.0, 0.0], []]","['Ry', [0.0], [Fraction(-1, 1)]]","['Rx', [0.0], [Fraction(-1, 1)]]","['Ry', [1.0], [Fraction(1, 2)]]","['Ry', [3.0], [Fraction(1, 2)]]","['Ry', [4.0], [Fraction(1, 2)]]","['Ry', [5.0], [Fraction(1, 2)]]","['Ry', [7.0], [Fraction(1, 2)]]",,,,,,,,,,,,
31,1011110,"['Rx', [0.0], [Fraction(-1, 1)]]","['Ry', [2.0], [Fraction(1, 2)]]","['Rx', [2.0], [Fraction(1, 1)]]","['Ry', [3.0], [Fraction(1, 2)]]","['Rx', [3.0], [Fraction(1, 1)]]","['Ry', [4.0], [Fraction(1, 2)]]","['Rx', [4.0], [Fraction(1, 1)]]","['Ry', [5.0], [Fraction(1, 2)]]","['Rx', [5.0], [Fraction(1, 1)]]","['Ry', [7.0], [Fraction(1, 2)]]","['Rx', [7.0], [Fraction(1, 1)]]","['CZ', [7.0, 0.0], []]","['Ry', [0.0], [Fraction(-1, 1)]]","['Rx', [0.0], [Fraction(-1, 1)]]","['CZ', [5.0, 0.0], []]","['Ry', [0.0], [Fraction(-1, 1)]]","['Rx', [0.0], [Fraction(-1, 1)]]","['CZ', [4.0, 0.0], []]","['Ry', [0.0], [Fraction(-1, 1)]]","['Rx', [0.0], [Fraction(-1, 1)]]","['CZ', [3.0, 0.0], []]","['Ry', [0.0], [Fraction(-1, 1)]]","['Rx', [0.0], [Fraction(-1, 1)]]","['CZ', [2.0, 0.0], []]","['Ry', [0.0], [Fraction(-1, 1)]]","['Rx', [0.0], [Fraction(-1, 1)]]","['Ry', [2.0], [Fraction(1, 2)]]","['Ry', [3.0], [Fraction(1, 2)]]","['Ry', [4.0], [Fraction(1, 2)]]","['Ry', [5.0], [Fraction(1, 2)]]","['Ry', [7.0], [Fraction(1, 2)]]",,,,,,,,,,,,
37,1011111,"['Rx', [0.0], [Fraction(-1, 1)]]","['Ry', [1.0], [Fraction(1, 2)]]","['Rx', [1.0], [Fraction(1, 1)]]","['Ry', [2.0], [Fraction(1, 2)]]","['Rx', [2.0], [Fraction(1, 1)]]","['Ry', [3.0], [Fraction(1, 2)]]","['Rx', [3.0], [Fraction(1, 1)]]","['Ry', [4.0], [Fraction(1, 2)]]","['Rx', [4.0], [Fraction(1, 1)]]","['Ry', [5.0], [Fraction(1, 2)]]","['Rx', [5.0], [Fraction(1, 1)]]","['Ry', [7.0], [Fraction(1, 2)]]","['Rx', [7.0], [Fraction(1, 1)]]","['CZ', [7.0, 0.0], []]","['Ry', [0.0], [Fraction(-1, 1)]]","['Rx', [0.0], [Fraction(-1, 1)]]","['CZ', [5.0, 0.0], []]","['Ry', [0.0], [Fraction(-1, 1)]]","['Rx', [0.0], [Fraction(-1, 1)]]","['CZ', [4.0, 0.0], []]","['Ry', [0.0], [Fraction(-1, 1)]]","['Rx', [0.0], [Fraction(-1, 1)]]","['CZ', [3.0, 0.0], []]","['Ry', [0.0], [Fraction(-1, 1)]]","['Rx', [0.0], [Fraction(-1, 1)]]","['CZ', [2.0, 0.0], []]","['Ry', [0.0], [Fraction(-1, 1)]]","['Rx', [0.0], [Fraction(-1, 1)]]","['CZ', [1.0, 0.0], []]","['Ry', [0.0], [Fraction(-1, 1)]]","['Rx', [0.0], [Fraction(-1, 1)]]","['Ry', [1.0], [Fraction(1, 2)]]","['Ry', [2.0], [Fraction(1, 2)]]","['Ry', [3.0], [Fraction(1, 2)]]","['Ry', [4.0], [Fraction(1, 2)]]","['Ry', [5.0], [Fraction(1, 2)]]","['Ry', [7.0], [Fraction(1, 2)]]",,,,,,
13,1100000,"['Rx', [0.0], [Fraction(-1, 1)]]","['Ry', [6.0], [Fraction(1, 2)]]","['Rx', [6.0], [Fraction(1, 1)]]","['Ry', [7.0], [Fraction(1, 2)]]","['Rx', [7.0], [Fraction(1, 1)]]","['CZ', [7.0, 0.0], []]","['Ry', [0.0], [Fraction(-1, 1)]]","['Rx', [0.0], [Fraction(-1, 1)]]","['CZ', [6.0, 0.0], []]","['Ry', [0.0], [Fraction(-1, 1)]]","['Rx', [0.0], [Fraction(-1, 1)]]","['Ry', [6.0], [Fraction(1, 2)]]","['Ry', [7.0], [Fraction(1, 2)]]",,,,,,,,,,,,,,,,,,,,,,,,,,,,,,
19,1100001,"['Rx', [0.0], [Fraction(-1, 1)]]","['Ry', [1.0], [Fraction(1, 2)]]","['Rx', [1.0], [Fraction(1, 1)]]","['Ry', [6.0], [Fraction(1, 2)]]","['Rx', [6.0], [Fraction(1, 1)]]","['Ry', [7.0], [Fraction(1, 2)]]","['Rx', [7.0], [Fraction(1, 1)]]","['CZ', [7.0, 0.0], []]","['Ry', [0.0], [Fraction(-1, 1)]]","['Rx', [0.0], [Fraction(-1, 1)]]","['CZ', [6.0, 0.0], []]","['Ry', [0.0], [Fraction(-1, 1)]]","['Rx', [0.0], [Fraction(-1, 1)]]","['CZ', [1.0, 0.0], []]","['Ry', [0.0], [Fraction(-1, 1)]]","['Rx', [0.0], [Fraction(-1, 1)]]","['Ry', [1.0], [Fraction(1, 2)]]","['Ry', [6.0], [Fraction(1, 2)]]","['Ry', [7.0], [Fraction(1, 2)]]",,,,,,,,,,,,,,,,,,,,,,,,
19,1100010,"['Rx', [0.0], [Fraction(-1, 1)]]","['Ry', [2.0], [Fraction(1, 2)]]","['Rx', [2.0], [Fraction(1, 1)]]","['Ry', [6.0], [Fraction(1, 2)]]","['Rx', [6.0], [Fraction(1, 1)]]","['Ry', [7.0], [Fraction(1, 2)]]","['Rx', [7.0], [Fraction(1, 1)]]","['CZ', [7.0, 0.0], []]","['Ry', [0.0], [Fraction(-1, 1)]]","['Rx', [0.0], [Fraction(-1, 1)]]","['CZ', [6.0, 0.0], []]","['Ry', [0.0], [Fraction(-1, 1)]]","['Rx', [0.0], [Fraction(-1, 1)]]","['CZ', [2.0, 0.0], []]","['Ry', [0.0], [Fraction(-1, 1)]]","['Rx', [0.0], [Fraction(-1, 1)]]","['Ry', [2.0], [Fraction(1, 2)]]","['Ry', [6.0], [Fraction(1, 2)]]","['Ry', [7.0], [Fraction(1, 2)]]",,,,,,,,,,,,,,,,,,,,,,,,
25,1100011,"['Rx', [0.0], [Fraction(-1, 1)]]","['Ry', [1.0], [Fraction(1, 2)]]","['Rx', [1.0], [Fraction(1, 1)]]","['Ry', [2.0], [Fraction(1, 2)]]","['Rx', [2.0], [Fraction(1, 1)]]","['Ry', [6.0], [Fraction(1, 2)]]","['Rx', [6.0], [Fraction(1, 1)]]","['Ry', [7.0], [Fraction(1, 2)]]","['Rx', [7.0], [Fraction(1, 1)]]","['CZ', [7.0, 0.0], []]","['Ry', [0.0], [Fraction(-1, 1)]]","['Rx', [0.0], [Fraction(-1, 1)]]","['CZ', [6.0, 0.0], []]","['Ry', [0.0], [Fraction(-1, 1)]]","['Rx', [0.0], [Fraction(-1, 1)]]","['CZ', [2.0, 0.0], []]","['Ry', [0.0], [Fraction(-1, 1)]]","['Rx', [0.0], [Fraction(-1, 1)]]","['CZ', [1.0, 0.0], []]","['Ry', [0.0], [Fraction(-1, 1)]]","['Rx', [0.0], [Fraction(-1, 1)]]","['Ry', [1.0], [Fraction(1, 2)]]","['Ry', [2.0], [Fraction(1, 2)]]","['Ry', [6.0], [Fraction(1, 2)]]","['Ry', [7.0], [Fraction(1, 2)]]",,,,,,,,,,,,,,,,,,
19,1100100,"['Rx', [0.0], [Fraction(-1, 1)]]","['Ry', [3.0], [Fraction(1, 2)]]","['Rx', [3.0], [Fraction(1, 1)]]","['Ry', [6.0], [Fraction(1, 2)]]","['Rx', [6.0], [Fraction(1, 1)]]","['Ry', [7.0], [Fraction(1, 2)]]","['Rx', [7.0], [Fraction(1, 1)]]","['CZ', [7.0, 0.0], []]","['Ry', [0.0], [Fraction(-1, 1)]]","['Rx', [0.0], [Fraction(-1, 1)]]","['CZ', [6.0, 0.0], []]","['Ry', [0.0], [Fraction(-1, 1)]]","['Rx', [0.0], [Fraction(-1, 1)]]","['CZ', [3.0, 0.0], []]","['Ry', [0.0], [Fraction(-1, 1)]]","['Rx', [0.0], [Fraction(-1, 1)]]","['Ry', [3.0], [Fraction(1, 2)]]","['Ry', [6.0], [Fraction(1, 2)]]","['Ry', [7.0], [Fraction(1, 2)]]",,,,,,,,,,,,,,,,,,,,,,,,
25,1100101,"['Rx', [0.0], [Fraction(-1, 1)]]","['Ry', [1.0], [Fraction(1, 2)]]","['Rx', [1.0], [Fraction(1, 1)]]","['Ry', [3.0], [Fraction(1, 2)]]","['Rx', [3.0], [Fraction(1, 1)]]","['Ry', [6.0], [Fraction(1, 2)]]","['Rx', [6.0], [Fraction(1, 1)]]","['Ry', [7.0], [Fraction(1, 2)]]","['Rx', [7.0], [Fraction(1, 1)]]","['CZ', [7.0, 0.0], []]","['Ry', [0.0], [Fraction(-1, 1)]]","['Rx', [0.0], [Fraction(-1, 1)]]","['CZ', [6.0, 0.0], []]","['Ry', [0.0], [Fraction(-1, 1)]]","['Rx', [0.0], [Fraction(-1, 1)]]","['CZ', [3.0, 0.0], []]","['Ry', [0.0], [Fraction(-1, 1)]]","['Rx', [0.0], [Fraction(-1, 1)]]","['CZ', [1.0, 0.0], []]","['Ry', [0.0], [Fraction(-1, 1)]]","['Rx', [0.0], [Fraction(-1, 1)]]","['Ry', [1.0], [Fraction(1, 2)]]","['Ry', [3.0], [Fraction(1, 2)]]","['Ry', [6.0], [Fraction(1, 2)]]","['Ry', [7.0], [Fraction(1, 2)]]",,,,,,,,,,,,,,,,,,
25,1100110,"['Rx', [0.0], [Fraction(-1, 1)]]","['Ry', [2.0], [Fraction(1, 2)]]","['Rx', [2.0], [Fraction(1, 1)]]","['Ry', [3.0], [Fraction(1, 2)]]","['Rx', [3.0], [Fraction(1, 1)]]","['Ry', [6.0], [Fraction(1, 2)]]","['Rx', [6.0], [Fraction(1, 1)]]","['Ry', [7.0], [Fraction(1, 2)]]","['Rx', [7.0], [Fraction(1, 1)]]","['CZ', [7.0, 0.0], []]","['Ry', [0.0], [Fraction(-1, 1)]]","['Rx', [0.0], [Fraction(-1, 1)]]","['CZ', [6.0, 0.0], []]","['Ry', [0.0], [Fraction(-1, 1)]]","['Rx', [0.0], [Fraction(-1, 1)]]","['CZ', [3.0, 0.0], []]","['Ry', [0.0], [Fraction(-1, 1)]]","['Rx', [0.0], [Fraction(-1, 1)]]","['CZ', [2.0, 0.0], []]","['Ry', [0.0], [Fraction(-1, 1)]]","['Rx', [0.0], [Fraction(-1, 1)]]","['Ry', [2.0], [Fraction(1, 2)]]","['Ry', [3.0], [Fraction(1, 2)]]","['Ry', [6.0], [Fraction(1, 2)]]","['Ry', [7.0], [Fraction(1, 2)]]",,,,,,,,,,,,,,,,,,
31,1100111,"['Rx', [0.0], [Fraction(-1, 1)]]","['Ry', [1.0], [Fraction(1, 2)]]","['Rx', [1.0], [Fraction(1, 1)]]","['Ry', [2.0], [Fraction(1, 2)]]","['Rx', [2.0], [Fraction(1, 1)]]","['Ry', [3.0], [Fraction(1, 2)]]","['Rx', [3.0], [Fraction(1, 1)]]","['Ry', [6.0], [Fraction(1, 2)]]","['Rx', [6.0], [Fraction(1, 1)]]","['Ry', [7.0], [Fraction(1, 2)]]","['Rx', [7.0], [Fraction(1, 1)]]","['CZ', [7.0, 0.0], []]","['Ry', [0.0], [Fraction(-1, 1)]]","['Rx', [0.0], [Fraction(-1, 1)]]","['CZ', [6.0, 0.0], []]","['Ry', [0.0], [Fraction(-1, 1)]]","['Rx', [0.0], [Fraction(-1, 1)]]","['CZ', [3.0, 0.0], []]","['Ry', [0.0], [Fraction(-1, 1)]]","['Rx', [0.0], [Fraction(-1, 1)]]","['CZ', [2.0, 0.0], []]","['Ry', [0.0], [Fraction(-1, 1)]]","['Rx', [0.0], [Fraction(-1, 1)]]","['CZ', [1.0, 0.0], []]","['Ry', [0.0], [Fraction(-1, 1)]]","['Rx', [0.0], [Fraction(-1, 1)]]","['Ry', [1.0], [Fraction(1, 2)]]","['Ry', [2.0], [Fraction(1, 2)]]","['Ry', [3.0], [Fraction(1, 2)]]","['Ry', [6.0], [Fraction(1, 2)]]","['Ry', [7.0], [Fraction(1, 2)]]",,,,,,,,,,,,
19,1101000,"['Rx', [0.0], [Fraction(-1, 1)]]","['Ry', [4.0], [Fraction(1, 2)]]","['Rx', [4.0], [Fraction(1, 1)]]","['Ry', [6.0], [Fraction(1, 2)]]","['Rx', [6.0], [Fraction(1, 1)]]","['Ry', [7.0], [Fraction(1, 2)]]","['Rx', [7.0], [Fraction(1, 1)]]","['CZ', [7.0, 0.0], []]","['Ry', [0.0], [Fraction(-1, 1)]]","['Rx', [0.0], [Fraction(-1, 1)]]","['CZ', [6.0, 0.0], []]","['Ry', [0.0], [Fraction(-1, 1)]]","['Rx', [0.0], [Fraction(-1, 1)]]","['CZ', [4.0, 0.0], []]","['Ry', [0.0], [Fraction(-1, 1)]]","['Rx', [0.0], [Fraction(-1, 1)]]","['Ry', [4.0], [Fraction(1, 2)]]","['Ry', [6.0], [Fraction(1, 2)]]","['Ry', [7.0], [Fraction(1, 2)]]",,,,,,,,,,,,,,,,,,,,,,,,
25,1101001,"['Rx', [0.0], [Fraction(-1, 1)]]","['Ry', [1.0], [Fraction(1, 2)]]","['Rx', [1.0], [Fraction(1, 1)]]","['Ry', [4.0], [Fraction(1, 2)]]","['Rx', [4.0], [Fraction(1, 1)]]","['Ry', [6.0], [Fraction(1, 2)]]","['Rx', [6.0], [Fraction(1, 1)]]","['Ry', [7.0], [Fraction(1, 2)]]","['Rx', [7.0], [Fraction(1, 1)]]","['CZ', [7.0, 0.0], []]","['Ry', [0.0], [Fraction(-1, 1)]]","['Rx', [0.0], [Fraction(-1, 1)]]","['CZ', [6.0, 0.0], []]","['Ry', [0.0], [Fraction(-1, 1)]]","['Rx', [0.0], [Fraction(-1, 1)]]","['CZ', [4.0, 0.0], []]","['Ry', [0.0], [Fraction(-1, 1)]]","['Rx', [0.0], [Fraction(-1, 1)]]","['CZ', [1.0, 0.0], []]","['Ry', [0.0], [Fraction(-1, 1)]]","['Rx', [0.0], [Fraction(-1, 1)]]","['Ry', [1.0], [Fraction(1, 2)]]","['Ry', [4.0], [Fraction(1, 2)]]","['Ry', [6.0], [Fraction(1, 2)]]","['Ry', [7.0], [Fraction(1, 2)]]",,,,,,,,,,,,,,,,,,
25,1101010,"['Rx', [0.0], [Fraction(-1, 1)]]","['Ry', [2.0], [Fraction(1, 2)]]","['Rx', [2.0], [Fraction(1, 1)]]","['Ry', [4.0], [Fraction(1, 2)]]","['Rx', [4.0], [Fraction(1, 1)]]","['Ry', [6.0], [Fraction(1, 2)]]","['Rx', [6.0], [Fraction(1, 1)]]","['Ry', [7.0], [Fraction(1, 2)]]","['Rx', [7.0], [Fraction(1, 1)]]","['CZ', [7.0, 0.0], []]","['Ry', [0.0], [Fraction(-1, 1)]]","['Rx', [0.0], [Fraction(-1, 1)]]","['CZ', [6.0, 0.0], []]","['Ry', [0.0], [Fraction(-1, 1)]]","['Rx', [0.0], [Fraction(-1, 1)]]","['CZ', [4.0, 0.0], []]","['Ry', [0.0], [Fraction(-1, 1)]]","['Rx', [0.0], [Fraction(-1, 1)]]","['CZ', [2.0, 0.0], []]","['Ry', [0.0], [Fraction(-1, 1)]]","['Rx', [0.0], [Fraction(-1, 1)]]","['Ry', [2.0], [Fraction(1, 2)]]","['Ry', [4.0], [Fraction(1, 2)]]","['Ry', [6.0], [Fraction(1, 2)]]","['Ry', [7.0], [Fraction(1, 2)]]",,,,,,,,,,,,,,,,,,
31,1101011,"['Rx', [0.0], [Fraction(-1, 1)]]","['Ry', [1.0], [Fraction(1, 2)]]","['Rx', [1.0], [Fraction(1, 1)]]","['Ry', [2.0], [Fraction(1, 2)]]","['Rx', [2.0], [Fraction(1, 1)]]","['Ry', [4.0], [Fraction(1, 2)]]","['Rx', [4.0], [Fraction(1, 1)]]","['Ry', [6.0], [Fraction(1, 2)]]","['Rx', [6.0], [Fraction(1, 1)]]","['Ry', [7.0], [Fraction(1, 2)]]","['Rx', [7.0], [Fraction(1, 1)]]","['CZ', [7.0, 0.0], []]","['Ry', [0.0], [Fraction(-1, 1)]]","['Rx', [0.0], [Fraction(-1, 1)]]","['CZ', [6.0, 0.0], []]","['Ry', [0.0], [Fraction(-1, 1)]]","['Rx', [0.0], [Fraction(-1, 1)]]","['CZ', [4.0, 0.0], []]","['Ry', [0.0], [Fraction(-1, 1)]]","['Rx', [0.0], [Fraction(-1, 1)]]","['CZ', [2.0, 0.0], []]","['Ry', [0.0], [Fraction(-1, 1)]]","['Rx', [0.0], [Fraction(-1, 1)]]","['CZ', [1.0, 0.0], []]","['Ry', [0.0], [Fraction(-1, 1)]]","['Rx', [0.0], [Fraction(-1, 1)]]","['Ry', [1.0], [Fraction(1, 2)]]","['Ry', [2.0], [Fraction(1, 2)]]","['Ry', [4.0], [Fraction(1, 2)]]","['Ry', [6.0], [Fraction(1, 2)]]","['Ry', [7.0], [Fraction(1, 2)]]",,,,,,,,,,,,
25,1101100,"['Rx', [0.0], [Fraction(-1, 1)]]","['Ry', [3.0], [Fraction(1, 2)]]","['Rx', [3.0], [Fraction(1, 1)]]","['Ry', [4.0], [Fraction(1, 2)]]","['Rx', [4.0], [Fraction(1, 1)]]","['Ry', [6.0], [Fraction(1, 2)]]","['Rx', [6.0], [Fraction(1, 1)]]","['Ry', [7.0], [Fraction(1, 2)]]","['Rx', [7.0], [Fraction(1, 1)]]","['CZ', [7.0, 0.0], []]","['Ry', [0.0], [Fraction(-1, 1)]]","['Rx', [0.0], [Fraction(-1, 1)]]","['CZ', [6.0, 0.0], []]","['Ry', [0.0], [Fraction(-1, 1)]]","['Rx', [0.0], [Fraction(-1, 1)]]","['CZ', [4.0, 0.0], []]","['Ry', [0.0], [Fraction(-1, 1)]]","['Rx', [0.0], [Fraction(-1, 1)]]","['CZ', [3.0, 0.0], []]","['Ry', [0.0], [Fraction(-1, 1)]]","['Rx', [0.0], [Fraction(-1, 1)]]","['Ry', [3.0], [Fraction(1, 2)]]","['Ry', [4.0], [Fraction(1, 2)]]","['Ry', [6.0], [Fraction(1, 2)]]","['Ry', [7.0], [Fraction(1, 2)]]",,,,,,,,,,,,,,,,,,
31,1101101,"['Rx', [0.0], [Fraction(-1, 1)]]","['Ry', [1.0], [Fraction(1, 2)]]","['Rx', [1.0], [Fraction(1, 1)]]","['Ry', [3.0], [Fraction(1, 2)]]","['Rx', [3.0], [Fraction(1, 1)]]","['Ry', [4.0], [Fraction(1, 2)]]","['Rx', [4.0], [Fraction(1, 1)]]","['Ry', [6.0], [Fraction(1, 2)]]","['Rx', [6.0], [Fraction(1, 1)]]","['Ry', [7.0], [Fraction(1, 2)]]","['Rx', [7.0], [Fraction(1, 1)]]","['CZ', [7.0, 0.0], []]","['Ry', [0.0], [Fraction(-1, 1)]]","['Rx', [0.0], [Fraction(-1, 1)]]","['CZ', [6.0, 0.0], []]","['Ry', [0.0], [Fraction(-1, 1)]]","['Rx', [0.0], [Fraction(-1, 1)]]","['CZ', [4.0, 0.0], []]","['Ry', [0.0], [Fraction(-1, 1)]]","['Rx', [0.0], [Fraction(-1, 1)]]","['CZ', [3.0, 0.0], []]","['Ry', [0.0], [Fraction(-1, 1)]]","['Rx', [0.0], [Fraction(-1, 1)]]","['CZ', [1.0, 0.0], []]","['Ry', [0.0], [Fraction(-1, 1)]]","['Rx', [0.0], [Fraction(-1, 1)]]","['Ry', [1.0], [Fraction(1, 2)]]","['Ry', [3.0], [Fraction(1, 2)]]","['Ry', [4.0], [Fraction(1, 2)]]","['Ry', [6.0], [Fraction(1, 2)]]","['Ry', [7.0], [Fraction(1, 2)]]",,,,,,,,,,,,
31,1101110,"['Rx', [0.0], [Fraction(-1, 1)]]","['Ry', [2.0], [Fraction(1, 2)]]","['Rx', [2.0], [Fraction(1, 1)]]","['Ry', [3.0], [Fraction(1, 2)]]","['Rx', [3.0], [Fraction(1, 1)]]","['Ry', [4.0], [Fraction(1, 2)]]","['Rx', [4.0], [Fraction(1, 1)]]","['Ry', [6.0], [Fraction(1, 2)]]","['Rx', [6.0], [Fraction(1, 1)]]","['Ry', [7.0], [Fraction(1, 2)]]","['Rx', [7.0], [Fraction(1, 1)]]","['CZ', [7.0, 0.0], []]","['Ry', [0.0], [Fraction(-1, 1)]]","['Rx', [0.0], [Fraction(-1, 1)]]","['CZ', [6.0, 0.0], []]","['Ry', [0.0], [Fraction(-1, 1)]]","['Rx', [0.0], [Fraction(-1, 1)]]","['CZ', [4.0, 0.0], []]","['Ry', [0.0], [Fraction(-1, 1)]]","['Rx', [0.0], [Fraction(-1, 1)]]","['CZ', [3.0, 0.0], []]","['Ry', [0.0], [Fraction(-1, 1)]]","['Rx', [0.0], [Fraction(-1, 1)]]","['CZ', [2.0, 0.0], []]","['Ry', [0.0], [Fraction(-1, 1)]]","['Rx', [0.0], [Fraction(-1, 1)]]","['Ry', [2.0], [Fraction(1, 2)]]","['Ry', [3.0], [Fraction(1, 2)]]","['Ry', [4.0], [Fraction(1, 2)]]","['Ry', [6.0], [Fraction(1, 2)]]","['Ry', [7.0], [Fraction(1, 2)]]",,,,,,,,,,,,
37,1101111,"['Rx', [0.0], [Fraction(-1, 1)]]","['Ry', [1.0], [Fraction(1, 2)]]","['Rx', [1.0], [Fraction(1, 1)]]","['Ry', [2.0], [Fraction(1, 2)]]","['Rx', [2.0], [Fraction(1, 1)]]","['Ry', [3.0], [Fraction(1, 2)]]","['Rx', [3.0], [Fraction(1, 1)]]","['Ry', [4.0], [Fraction(1, 2)]]","['Rx', [4.0], [Fraction(1, 1)]]","['Ry', [6.0], [Fraction(1, 2)]]","['Rx', [6.0], [Fraction(1, 1)]]","['Ry', [7.0], [Fraction(1, 2)]]","['Rx', [7.0], [Fraction(1, 1)]]","['CZ', [7.0, 0.0], []]","['Ry', [0.0], [Fraction(-1, 1)]]","['Rx', [0.0], [Fraction(-1, 1)]]","['CZ', [6.0, 0.0], []]","['Ry', [0.0], [Fraction(-1, 1)]]","['Rx', [0.0], [Fraction(-1, 1)]]","['CZ', [4.0, 0.0], []]","['Ry', [0.0], [Fraction(-1, 1)]]","['Rx', [0.0], [Fraction(-1, 1)]]","['CZ', [3.0, 0.0], []]","['Ry', [0.0], [Fraction(-1, 1)]]","['Rx', [0.0], [Fraction(-1, 1)]]","['CZ', [2.0, 0.0], []]","['Ry', [0.0], [Fraction(-1, 1)]]","['Rx', [0.0], [Fraction(-1, 1)]]","['CZ', [1.0, 0.0], []]","['Ry', [0.0], [Fraction(-1, 1)]]","['Rx', [0.0], [Fraction(-1, 1)]]","['Ry', [1.0], [Fraction(1, 2)]]","['Ry', [2.0], [Fraction(1, 2)]]","['Ry', [3.0], [Fraction(1, 2)]]","['Ry', [4.0], [Fraction(1, 2)]]","['Ry', [6.0], [Fraction(1, 2)]]","['Ry', [7.0], [Fraction(1, 2)]]",,,,,,
19,1110000,"['Rx', [0.0], [Fraction(-1, 1)]]","['Ry', [5.0], [Fraction(1, 2)]]","['Rx', [5.0], [Fraction(1, 1)]]","['Ry', [6.0], [Fraction(1, 2)]]","['Rx', [6.0], [Fraction(1, 1)]]","['Ry', [7.0], [Fraction(1, 2)]]","['Rx', [7.0], [Fraction(1, 1)]]","['CZ', [7.0, 0.0], []]","['Ry', [0.0], [Fraction(-1, 1)]]","['Rx', [0.0], [Fraction(-1, 1)]]","['CZ', [6.0, 0.0], []]","['Ry', [0.0], [Fraction(-1, 1)]]","['Rx', [0.0], [Fraction(-1, 1)]]","['CZ', [5.0, 0.0], []]","['Ry', [0.0], [Fraction(-1, 1)]]","['Rx', [0.0], [Fraction(-1, 1)]]","['Ry', [5.0], [Fraction(1, 2)]]","['Ry', [6.0], [Fraction(1, 2)]]","['Ry', [7.0], [Fraction(1, 2)]]",,,,,,,,,,,,,,,,,,,,,,,,
25,1110001,"['Rx', [0.0], [Fraction(-1, 1)]]","['Ry', [1.0], [Fraction(1, 2)]]","['Rx', [1.0], [Fraction(1, 1)]]","['Ry', [5.0], [Fraction(1, 2)]]","['Rx', [5.0], [Fraction(1, 1)]]","['Ry', [6.0], [Fraction(1, 2)]]","['Rx', [6.0], [Fraction(1, 1)]]","['Ry', [7.0], [Fraction(1, 2)]]","['Rx', [7.0], [Fraction(1, 1)]]","['CZ', [7.0, 0.0], []]","['Ry', [0.0], [Fraction(-1, 1)]]","['Rx', [0.0], [Fraction(-1, 1)]]","['CZ', [6.0, 0.0], []]","['Ry', [0.0], [Fraction(-1, 1)]]","['Rx', [0.0], [Fraction(-1, 1)]]","['CZ', [5.0, 0.0], []]","['Ry', [0.0], [Fraction(-1, 1)]]","['Rx', [0.0], [Fraction(-1, 1)]]","['CZ', [1.0, 0.0], []]","['Ry', [0.0], [Fraction(-1, 1)]]","['Rx', [0.0], [Fraction(-1, 1)]]","['Ry', [1.0], [Fraction(1, 2)]]","['Ry', [5.0], [Fraction(1, 2)]]","['Ry', [6.0], [Fraction(1, 2)]]","['Ry', [7.0], [Fraction(1, 2)]]",,,,,,,,,,,,,,,,,,
25,1110010,"['Rx', [0.0], [Fraction(-1, 1)]]","['Ry', [2.0], [Fraction(1, 2)]]","['Rx', [2.0], [Fraction(1, 1)]]","['Ry', [5.0], [Fraction(1, 2)]]","['Rx', [5.0], [Fraction(1, 1)]]","['Ry', [6.0], [Fraction(1, 2)]]","['Rx', [6.0], [Fraction(1, 1)]]","['Ry', [7.0], [Fraction(1, 2)]]","['Rx', [7.0], [Fraction(1, 1)]]","['CZ', [7.0, 0.0], []]","['Ry', [0.0], [Fraction(-1, 1)]]","['Rx', [0.0], [Fraction(-1, 1)]]","['CZ', [6.0, 0.0], []]","['Ry', [0.0], [Fraction(-1, 1)]]","['Rx', [0.0], [Fraction(-1, 1)]]","['CZ', [5.0, 0.0], []]","['Ry', [0.0], [Fraction(-1, 1)]]","['Rx', [0.0], [Fraction(-1, 1)]]","['CZ', [2.0, 0.0], []]","['Ry', [0.0], [Fraction(-1, 1)]]","['Rx', [0.0], [Fraction(-1, 1)]]","['Ry', [2.0], [Fraction(1, 2)]]","['Ry', [5.0], [Fraction(1, 2)]]","['Ry', [6.0], [Fraction(1, 2)]]","['Ry', [7.0], [Fraction(1, 2)]]",,,,,,,,,,,,,,,,,,
31,1110011,"['Rx', [0.0], [Fraction(-1, 1)]]","['Ry', [1.0], [Fraction(1, 2)]]","['Rx', [1.0], [Fraction(1, 1)]]","['Ry', [2.0], [Fraction(1, 2)]]","['Rx', [2.0], [Fraction(1, 1)]]","['Ry', [5.0], [Fraction(1, 2)]]","['Rx', [5.0], [Fraction(1, 1)]]","['Ry', [6.0], [Fraction(1, 2)]]","['Rx', [6.0], [Fraction(1, 1)]]","['Ry', [7.0], [Fraction(1, 2)]]","['Rx', [7.0], [Fraction(1, 1)]]","['CZ', [7.0, 0.0], []]","['Ry', [0.0], [Fraction(-1, 1)]]","['Rx', [0.0], [Fraction(-1, 1)]]","['CZ', [6.0, 0.0], []]","['Ry', [0.0], [Fraction(-1, 1)]]","['Rx', [0.0], [Fraction(-1, 1)]]","['CZ', [5.0, 0.0], []]","['Ry', [0.0], [Fraction(-1, 1)]]","['Rx', [0.0], [Fraction(-1, 1)]]","['CZ', [2.0, 0.0], []]","['Ry', [0.0], [Fraction(-1, 1)]]","['Rx', [0.0], [Fraction(-1, 1)]]","['CZ', [1.0, 0.0], []]","['Ry', [0.0], [Fraction(-1, 1)]]","['Rx', [0.0], [Fraction(-1, 1)]]","['Ry', [1.0], [Fraction(1, 2)]]","['Ry', [2.0], [Fraction(1, 2)]]","['Ry', [5.0], [Fraction(1, 2)]]","['Ry', [6.0], [Fraction(1, 2)]]","['Ry', [7.0], [Fraction(1, 2)]]",,,,,,,,,,,,
25,1110100,"['Rx', [0.0], [Fraction(-1, 1)]]","['Ry', [3.0], [Fraction(1, 2)]]","['Rx', [3.0], [Fraction(1, 1)]]","['Ry', [5.0], [Fraction(1, 2)]]","['Rx', [5.0], [Fraction(1, 1)]]","['Ry', [6.0], [Fraction(1, 2)]]","['Rx', [6.0], [Fraction(1, 1)]]","['Ry', [7.0], [Fraction(1, 2)]]","['Rx', [7.0], [Fraction(1, 1)]]","['CZ', [7.0, 0.0], []]","['Ry', [0.0], [Fraction(-1, 1)]]","['Rx', [0.0], [Fraction(-1, 1)]]","['CZ', [6.0, 0.0], []]","['Ry', [0.0], [Fraction(-1, 1)]]","['Rx', [0.0], [Fraction(-1, 1)]]","['CZ', [5.0, 0.0], []]","['Ry', [0.0], [Fraction(-1, 1)]]","['Rx', [0.0], [Fraction(-1, 1)]]","['CZ', [3.0, 0.0], []]","['Ry', [0.0], [Fraction(-1, 1)]]","['Rx', [0.0], [Fraction(-1, 1)]]","['Ry', [3.0], [Fraction(1, 2)]]","['Ry', [5.0], [Fraction(1, 2)]]","['Ry', [6.0], [Fraction(1, 2)]]","['Ry', [7.0], [Fraction(1, 2)]]",,,,,,,,,,,,,,,,,,
31,1110101,"['Rx', [0.0], [Fraction(-1, 1)]]","['Ry', [1.0], [Fraction(1, 2)]]","['Rx', [1.0], [Fraction(1, 1)]]","['Ry', [3.0], [Fraction(1, 2)]]","['Rx', [3.0], [Fraction(1, 1)]]","['Ry', [5.0], [Fraction(1, 2)]]","['Rx', [5.0], [Fraction(1, 1)]]","['Ry', [6.0], [Fraction(1, 2)]]","['Rx', [6.0], [Fraction(1, 1)]]","['Ry', [7.0], [Fraction(1, 2)]]","['Rx', [7.0], [Fraction(1, 1)]]","['CZ', [7.0, 0.0], []]","['Ry', [0.0], [Fraction(-1, 1)]]","['Rx', [0.0], [Fraction(-1, 1)]]","['CZ', [6.0, 0.0], []]","['Ry', [0.0], [Fraction(-1, 1)]]","['Rx', [0.0], [Fraction(-1, 1)]]","['CZ', [5.0, 0.0], []]","['Ry', [0.0], [Fraction(-1, 1)]]","['Rx', [0.0], [Fraction(-1, 1)]]","['CZ', [3.0, 0.0], []]","['Ry', [0.0], [Fraction(-1, 1)]]","['Rx', [0.0], [Fraction(-1, 1)]]","['CZ', [1.0, 0.0], []]","['Ry', [0.0], [Fraction(-1, 1)]]","['Rx', [0.0], [Fraction(-1, 1)]]","['Ry', [1.0], [Fraction(1, 2)]]","['Ry', [3.0], [Fraction(1, 2)]]","['Ry', [5.0], [Fraction(1, 2)]]","['Ry', [6.0], [Fraction(1, 2)]]","['Ry', [7.0], [Fraction(1, 2)]]",,,,,,,,,,,,
31,1110110,"['Rx', [0.0], [Fraction(-1, 1)]]","['Ry', [2.0], [Fraction(1, 2)]]","['Rx', [2.0], [Fraction(1, 1)]]","['Ry', [3.0], [Fraction(1, 2)]]","['Rx', [3.0], [Fraction(1, 1)]]","['Ry', [5.0], [Fraction(1, 2)]]","['Rx', [5.0], [Fraction(1, 1)]]","['Ry', [6.0], [Fraction(1, 2)]]","['Rx', [6.0], [Fraction(1, 1)]]","['Ry', [7.0], [Fraction(1, 2)]]","['Rx', [7.0], [Fraction(1, 1)]]","['CZ', [7.0, 0.0], []]","['Ry', [0.0], [Fraction(-1, 1)]]","['Rx', [0.0], [Fraction(-1, 1)]]","['CZ', [6.0, 0.0], []]","['Ry', [0.0], [Fraction(-1, 1)]]","['Rx', [0.0], [Fraction(-1, 1)]]","['CZ', [5.0, 0.0], []]","['Ry', [0.0], [Fraction(-1, 1)]]","['Rx', [0.0], [Fraction(-1, 1)]]","['CZ', [3.0, 0.0], []]","['Ry', [0.0], [Fraction(-1, 1)]]","['Rx', [0.0], [Fraction(-1, 1)]]","['CZ', [2.0, 0.0], []]","['Ry', [0.0], [Fraction(-1, 1)]]","['Rx', [0.0], [Fraction(-1, 1)]]","['Ry', [2.0], [Fraction(1, 2)]]","['Ry', [3.0], [Fraction(1, 2)]]","['Ry', [5.0], [Fraction(1, 2)]]","['Ry', [6.0], [Fraction(1, 2)]]","['Ry', [7.0], [Fraction(1, 2)]]",,,,,,,,,,,,
37,1110111,"['Rx', [0.0], [Fraction(-1, 1)]]","['Ry', [1.0], [Fraction(1, 2)]]","['Rx', [1.0], [Fraction(1, 1)]]","['Ry', [2.0], [Fraction(1, 2)]]","['Rx', [2.0], [Fraction(1, 1)]]","['Ry', [3.0], [Fraction(1, 2)]]","['Rx', [3.0], [Fraction(1, 1)]]","['Ry', [5.0], [Fraction(1, 2)]]","['Rx', [5.0], [Fraction(1, 1)]]","['Ry', [6.0], [Fraction(1, 2)]]","['Rx', [6.0], [Fraction(1, 1)]]","['Ry', [7.0], [Fraction(1, 2)]]","['Rx', [7.0], [Fraction(1, 1)]]","['CZ', [7.0, 0.0], []]","['Ry', [0.0], [Fraction(-1, 1)]]","['Rx', [0.0], [Fraction(-1, 1)]]","['CZ', [6.0, 0.0], []]","['Ry', [0.0], [Fraction(-1, 1)]]","['Rx', [0.0], [Fraction(-1, 1)]]","['CZ', [5.0, 0.0], []]","['Ry', [0.0], [Fraction(-1, 1)]]","['Rx', [0.0], [Fraction(-1, 1)]]","['CZ', [3.0, 0.0], []]","['Ry', [0.0], [Fraction(-1, 1)]]","['Rx', [0.0], [Fraction(-1, 1)]]","['CZ', [2.0, 0.0], []]","['Ry', [0.0], [Fraction(-1, 1)]]","['Rx', [0.0], [Fraction(-1, 1)]]","['CZ', [1.0, 0.0], []]","['Ry', [0.0], [Fraction(-1, 1)]]","['Rx', [0.0], [Fraction(-1, 1)]]","['Ry', [1.0], [Fraction(1, 2)]]","['Ry', [2.0], [Fraction(1, 2)]]","['Ry', [3.0], [Fraction(1, 2)]]","['Ry', [5.0], [Fraction(1, 2)]]","['Ry', [6.0], [Fraction(1, 2)]]","['Ry', [7.0], [Fraction(1, 2)]]",,,,,,
25,1111000,"['Rx', [0.0], [Fraction(-1, 1)]]","['Ry', [4.0], [Fraction(1, 2)]]","['Rx', [4.0], [Fraction(1, 1)]]","['Ry', [5.0], [Fraction(1, 2)]]","['Rx', [5.0], [Fraction(1, 1)]]","['Ry', [6.0], [Fraction(1, 2)]]","['Rx', [6.0], [Fraction(1, 1)]]","['Ry', [7.0], [Fraction(1, 2)]]","['Rx', [7.0], [Fraction(1, 1)]]","['CZ', [7.0, 0.0], []]","['Ry', [0.0], [Fraction(-1, 1)]]","['Rx', [0.0], [Fraction(-1, 1)]]","['CZ', [6.0, 0.0], []]","['Ry', [0.0], [Fraction(-1, 1)]]","['Rx', [0.0], [Fraction(-1, 1)]]","['CZ', [5.0, 0.0], []]","['Ry', [0.0], [Fraction(-1, 1)]]","['Rx', [0.0], [Fraction(-1, 1)]]","['CZ', [4.0, 0.0], []]","['Ry', [0.0], [Fraction(-1, 1)]]","['Rx', [0.0], [Fraction(-1, 1)]]","['Ry', [4.0], [Fraction(1, 2)]]","['Ry', [5.0], [Fraction(1, 2)]]","['Ry', [6.0], [Fraction(1, 2)]]","['Ry', [7.0], [Fraction(1, 2)]]",,,,,,,,,,,,,,,,,,
31,1111001,"['Rx', [0.0], [Fraction(-1, 1)]]","['Ry', [1.0], [Fraction(1, 2)]]","['Rx', [1.0], [Fraction(1, 1)]]","['Ry', [4.0], [Fraction(1, 2)]]","['Rx', [4.0], [Fraction(1, 1)]]","['Ry', [5.0], [Fraction(1, 2)]]","['Rx', [5.0], [Fraction(1, 1)]]","['Ry', [6.0], [Fraction(1, 2)]]","['Rx', [6.0], [Fraction(1, 1)]]","['Ry', [7.0], [Fraction(1, 2)]]","['Rx', [7.0], [Fraction(1, 1)]]","['CZ', [7.0, 0.0], []]","['Ry', [0.0], [Fraction(-1, 1)]]","['Rx', [0.0], [Fraction(-1, 1)]]","['CZ', [6.0, 0.0], []]","['Ry', [0.0], [Fraction(-1, 1)]]","['Rx', [0.0], [Fraction(-1, 1)]]","['CZ', [5.0, 0.0], []]","['Ry', [0.0], [Fraction(-1, 1)]]","['Rx', [0.0], [Fraction(-1, 1)]]","['CZ', [4.0, 0.0], []]","['Ry', [0.0], [Fraction(-1, 1)]]","['Rx', [0.0], [Fraction(-1, 1)]]","['CZ', [1.0, 0.0], []]","['Ry', [0.0], [Fraction(-1, 1)]]","['Rx', [0.0], [Fraction(-1, 1)]]","['Ry', [1.0], [Fraction(1, 2)]]","['Ry', [4.0], [Fraction(1, 2)]]","['Ry', [5.0], [Fraction(1, 2)]]","['Ry', [6.0], [Fraction(1, 2)]]","['Ry', [7.0], [Fraction(1, 2)]]",,,,,,,,,,,,
31,1111010,"['Rx', [0.0], [Fraction(-1, 1)]]","['Ry', [2.0], [Fraction(1, 2)]]","['Rx', [2.0], [Fraction(1, 1)]]","['Ry', [4.0], [Fraction(1, 2)]]","['Rx', [4.0], [Fraction(1, 1)]]","['Ry', [5.0], [Fraction(1, 2)]]","['Rx', [5.0], [Fraction(1, 1)]]","['Ry', [6.0], [Fraction(1, 2)]]","['Rx', [6.0], [Fraction(1, 1)]]","['Ry', [7.0], [Fraction(1, 2)]]","['Rx', [7.0], [Fraction(1, 1)]]","['CZ', [7.0, 0.0], []]","['Ry', [0.0], [Fraction(-1, 1)]]","['Rx', [0.0], [Fraction(-1, 1)]]","['CZ', [6.0, 0.0], []]","['Ry', [0.0], [Fraction(-1, 1)]]","['Rx', [0.0], [Fraction(-1, 1)]]","['CZ', [5.0, 0.0], []]","['Ry', [0.0], [Fraction(-1, 1)]]","['Rx', [0.0], [Fraction(-1, 1)]]","['CZ', [4.0, 0.0], []]","['Ry', [0.0], [Fraction(-1, 1)]]","['Rx', [0.0], [Fraction(-1, 1)]]","['CZ', [2.0, 0.0], []]","['Ry', [0.0], [Fraction(-1, 1)]]","['Rx', [0.0], [Fraction(-1, 1)]]","['Ry', [2.0], [Fraction(1, 2)]]","['Ry', [4.0], [Fraction(1, 2)]]","['Ry', [5.0], [Fraction(1, 2)]]","['Ry', [6.0], [Fraction(1, 2)]]","['Ry', [7.0], [Fraction(1, 2)]]",,,,,,,,,,,,
37,1111011,"['Rx', [0.0], [Fraction(-1, 1)]]","['Ry', [1.0], [Fraction(1, 2)]]","['Rx', [1.0], [Fraction(1, 1)]]","['Ry', [2.0], [Fraction(1, 2)]]","['Rx', [2.0], [Fraction(1, 1)]]","['Ry', [4.0], [Fraction(1, 2)]]","['Rx', [4.0], [Fraction(1, 1)]]","['Ry', [5.0], [Fraction(1, 2)]]","['Rx', [5.0], [Fraction(1, 1)]]","['Ry', [6.0], [Fraction(1, 2)]]","['Rx', [6.0], [Fraction(1, 1)]]","['Ry', [7.0], [Fraction(1, 2)]]","['Rx', [7.0], [Fraction(1, 1)]]","['CZ', [7.0, 0.0], []]","['Ry', [0.0], [Fraction(-1, 1)]]","['Rx', [0.0], [Fraction(-1, 1)]]","['CZ', [6.0, 0.0], []]","['Ry', [0.0], [Fraction(-1, 1)]]","['Rx', [0.0], [Fraction(-1, 1)]]","['CZ', [5.0, 0.0], []]","['Ry', [0.0], [Fraction(-1, 1)]]","['Rx', [0.0], [Fraction(-1, 1)]]","['CZ', [4.0, 0.0], []]","['Ry', [0.0], [Fraction(-1, 1)]]","['Rx', [0.0], [Fraction(-1, 1)]]","['CZ', [2.0, 0.0], []]","['Ry', [0.0], [Fraction(-1, 1)]]","['Rx', [0.0], [Fraction(-1, 1)]]","['CZ', [1.0, 0.0], []]","['Ry', [0.0], [Fraction(-1, 1)]]","['Rx', [0.0], [Fraction(-1, 1)]]","['Ry', [1.0], [Fraction(1, 2)]]","['Ry', [2.0], [Fraction(1, 2)]]","['Ry', [4.0], [Fraction(1, 2)]]","['Ry', [5.0], [Fraction(1, 2)]]","['Ry', [6.0], [Fraction(1, 2)]]","['Ry', [7.0], [Fraction(1, 2)]]",,,,,,
31,1111100,"['Rx', [0.0], [Fraction(-1, 1)]]","['Ry', [3.0], [Fraction(1, 2)]]","['Rx', [3.0], [Fraction(1, 1)]]","['Ry', [4.0], [Fraction(1, 2)]]","['Rx', [4.0], [Fraction(1, 1)]]","['Ry', [5.0], [Fraction(1, 2)]]","['Rx', [5.0], [Fraction(1, 1)]]","['Ry', [6.0], [Fraction(1, 2)]]","['Rx', [6.0], [Fraction(1, 1)]]","['Ry', [7.0], [Fraction(1, 2)]]","['Rx', [7.0], [Fraction(1, 1)]]","['CZ', [7.0, 0.0], []]","['Ry', [0.0], [Fraction(-1, 1)]]","['Rx', [0.0], [Fraction(-1, 1)]]","['CZ', [6.0, 0.0], []]","['Ry', [0.0], [Fraction(-1, 1)]]","['Rx', [0.0], [Fraction(-1, 1)]]","['CZ', [5.0, 0.0], []]","['Ry', [0.0], [Fraction(-1, 1)]]","['Rx', [0.0], [Fraction(-1, 1)]]","['CZ', [4.0, 0.0], []]","['Ry', [0.0], [Fraction(-1, 1)]]","['Rx', [0.0], [Fraction(-1, 1)]]","['CZ', [3.0, 0.0], []]","['Ry', [0.0], [Fraction(-1, 1)]]","['Rx', [0.0], [Fraction(-1, 1)]]","['Ry', [3.0], [Fraction(1, 2)]]","['Ry', [4.0], [Fraction(1, 2)]]","['Ry', [5.0], [Fraction(1, 2)]]","['Ry', [6.0], [Fraction(1, 2)]]","['Ry', [7.0], [Fraction(1, 2)]]",,,,,,,,,,,,
37,1111101,"['Rx', [0.0], [Fraction(-1, 1)]]","['Ry', [1.0], [Fraction(1, 2)]]","['Rx', [1.0], [Fraction(1, 1)]]","['Ry', [3.0], [Fraction(1, 2)]]","['Rx', [3.0], [Fraction(1, 1)]]","['Ry', [4.0], [Fraction(1, 2)]]","['Rx', [4.0], [Fraction(1, 1)]]","['Ry', [5.0], [Fraction(1, 2)]]","['Rx', [5.0], [Fraction(1, 1)]]","['Ry', [6.0], [Fraction(1, 2)]]","['Rx', [6.0], [Fraction(1, 1)]]","['Ry', [7.0], [Fraction(1, 2)]]","['Rx', [7.0], [Fraction(1, 1)]]","['CZ', [7.0, 0.0], []]","['Ry', [0.0], [Fraction(-1, 1)]]","['Rx', [0.0], [Fraction(-1, 1)]]","['CZ', [6.0, 0.0], []]","['Ry', [0.0], [Fraction(-1, 1)]]","['Rx', [0.0], [Fraction(-1, 1)]]","['CZ', [5.0, 0.0], []]","['Ry', [0.0], [Fraction(-1, 1)]]","['Rx', [0.0], [Fraction(-1, 1)]]","['CZ', [4.0, 0.0], []]","['Ry', [0.0], [Fraction(-1, 1)]]","['Rx', [0.0], [Fraction(-1, 1)]]","['CZ', [3.0, 0.0], []]","['Ry', [0.0], [Fraction(-1, 1)]]","['Rx', [0.0], [Fraction(-1, 1)]]","['CZ', [1.0, 0.0], []]","['Ry', [0.0], [Fraction(-1, 1)]]","['Rx', [0.0], [Fraction(-1, 1)]]","['Ry', [1.0], [Fraction(1, 2)]]","['Ry', [3.0], [Fraction(1, 2)]]","['Ry', [4.0], [Fraction(1, 2)]]","['Ry', [5.0], [Fraction(1, 2)]]","['Ry', [6.0], [Fraction(1, 2)]]","['Ry', [7.0], [Fraction(1, 2)]]",,,,,,
37,1111110,"['Rx', [0.0], [Fraction(-1, 1)]]","['Ry', [2.0], [Fraction(1, 2)]]","['Rx', [2.0], [Fraction(1, 1)]]","['Ry', [3.0], [Fraction(1, 2)]]","['Rx', [3.0], [Fraction(1, 1)]]","['Ry', [4.0], [Fraction(1, 2)]]","['Rx', [4.0], [Fraction(1, 1)]]","['Ry', [5.0], [Fraction(1, 2)]]","['Rx', [5.0], [Fraction(1, 1)]]","['Ry', [6.0], [Fraction(1, 2)]]","['Rx', [6.0], [Fraction(1, 1)]]","['Ry', [7.0], [Fraction(1, 2)]]","['Rx', [7.0], [Fraction(1, 1)]]","['CZ', [7.0, 0.0], []]","['Ry', [0.0], [Fraction(-1, 1)]]","['Rx', [0.0], [Fraction(-1, 1)]]","['CZ', [6.0, 0.0], []]","['Ry', [0.0], [Fraction(-1, 1)]]","['Rx', [0.0], [Fraction(-1, 1)]]","['CZ', [5.0, 0.0], []]","['Ry', [0.0], [Fraction(-1, 1)]]","['Rx', [0.0], [Fraction(-1, 1)]]","['CZ', [4.0, 0.0], []]","['Ry', [0.0], [Fraction(-1, 1)]]","['Rx', [0.0], [Fraction(-1, 1)]]","['CZ', [3.0, 0.0], []]","['Ry', [0.0], [Fraction(-1, 1)]]","['Rx', [0.0], [Fraction(-1, 1)]]","['CZ', [2.0, 0.0], []]","['Ry', [0.0], [Fraction(-1, 1)]]","['Rx', [0.0], [Fraction(-1, 1)]]","['Ry', [2.0], [Fraction(1, 2)]]","['Ry', [3.0], [Fraction(1, 2)]]","['Ry', [4.0], [Fraction(1, 2)]]","['Ry', [5.0], [Fraction(1, 2)]]","['Ry', [6.0], [Fraction(1, 2)]]","['Ry', [7.0], [Fraction(1, 2)]]",,,,,,
43,1111111,"['Rx', [0.0], [Fraction(-1, 1)]]","['Ry', [1.0], [Fraction(1, 2)]]","['Rx', [1.0], [Fraction(1, 1)]]","['Ry', [2.0], [Fraction(1, 2)]]","['Rx', [2.0], [Fraction(1, 1)]]","['Ry', [3.0], [Fraction(1, 2)]]","['Rx', [3.0], [Fraction(1, 1)]]","['Ry', [4.0], [Fraction(1, 2)]]","['Rx', [4.0], [Fraction(1, 1)]]","['Ry', [5.0], [Fraction(1, 2)]]","['Rx', [5.0], [Fraction(1, 1)]]","['Ry', [6.0], [Fraction(1, 2)]]","['Rx', [6.0], [Fraction(1, 1)]]","['Ry', [7.0], [Fraction(1, 2)]]","['Rx', [7.0], [Fraction(1, 1)]]","['CZ', [7.0, 0.0], []]","['Ry', [0.0], [Fraction(-1, 1)]]","['Rx', [0.0], [Fraction(-1, 1)]]","['CZ', [6.0, 0.0], []]","['Ry', [0.0], [Fraction(-1, 1)]]","['Rx', [0.0], [Fraction(-1, 1)]]","['CZ', [5.0, 0.0], []]","['Ry', [0.0], [Fraction(-1, 1)]]","['Rx', [0.0], [Fraction(-1, 1)]]","['CZ', [4.0, 0.0], []]","['Ry', [0.0], [Fraction(-1, 1)]]","['Rx', [0.0], [Fraction(-1, 1)]]","['CZ', [3.0, 0.0], []]","['Ry', [0.0], [Fraction(-1, 1)]]","['Rx', [0.0], [Fraction(-1, 1)]]","['CZ', [2.0, 0.0], []]","['Ry', [0.0], [Fraction(-1, 1)]]","['Rx', [0.0], [Fraction(-1, 1)]]","['CZ', [1.0, 0.0], []]","['Ry', [0.0], [Fraction(-1, 1)]]","['Rx', [0.0], [Fraction(-1, 1)]]","['Ry', [1.0], [Fraction(1, 2)]]","['Ry', [2.0], [Fraction(1, 2)]]","['Ry', [3.0], [Fraction(1, 2)]]","['Ry', [4.0], [Fraction(1, 2)]]","['Ry', [5.0], [Fraction(1, 2)]]","['Ry', [6.0], [Fraction(1, 2)]]","['Ry', [7.0], [Fraction(1, 2)]]"
